% start	end	CellId	IMSI	RNTI	LCID	nTxPDUs	TxBytes	nRxPDUs	RxBytes	delay	stdDev	min	max	PduSize	stdDev	min	max
0.1	0.15	1	1	2	4	4	228	3	166	0.0109286	0.00173205	0.00892857	0.0119286	55.3333	2.3094	54	58	
0.1	0.15	1	2	1	4	2	112	2	112	0.0119286	0	0.0119286	0.0119286	56	2.82843	54	58	
0.15	0.2	1	1	2	4	0	0	1	62	0.0119286	0	0.0119286	0.0119286	62	0	62	62	
0.3	0.35	1	2	1	4	1	54	0	0	0	0	0	0	0	0	0	0	
0.35	0.4	1	2	1	4	0	0	1	54	0.0369286	0	0.0369286	0.0369286	54	0	54	54	
1.1	1.15	1	1	2	4	1	62	0	0	0	0	0	0	0	0	0	0	
1.15	1.2	1	1	2	4	0	0	1	62	0.0119286	0	0.0119286	0.0119286	62	0	62	62	
4.15	4.2	1	1	2	4	1	62	1	62	0.0119286	0	0.0119286	0.0119286	62	0	62	62	
