% start	end	CellId	IMSI	RNTI	LCID	nTxPDUs	TxBytes	nRxPDUs	RxBytes	delay	stdDev	min	max	PduSize	stdDev	min	max
0.1	0.15	1	1	6	4	1	58	1	58	0.0119286	0	0.0119286	0.0119286	58	0	58	58	
0.1	0.15	1	2	1	4	1	58	1	58	0.0129286	0	0.0129286	0.0129286	58	0	58	58	
0.1	0.15	1	3	3	4	1	58	1	58	0.0129286	0	0.0129286	0.0129286	58	0	58	58	
0.1	0.15	1	4	2	4	1	58	0	0	0	0	0	0	0	0	0	0	
0.1	0.15	1	5	4	4	1	58	0	0	0	0	0	0	0	0	0	0	
0.45	0.5	1	4	2	4	0	0	1	58	0.383929	0	0.383929	0.383929	58	0	58	58	
1.05	1.1	1	5	4	4	0	0	1	58	0.946929	0	0.946929	0.946929	58	0	58	58	
