% start	end	CellId	IMSI	RNTI	LCID	nTxPDUs	TxBytes	nRxPDUs	RxBytes	delay	stdDev	min	max	PduSize	stdDev	min	max
0.1	0.15	1	1	1	4	1	58	0	0	0	0	0	0	0	0	0	0	
3.1	3.15	1	1	1	4	1	58	0	0	0	0	0	0	0	0	0	0	
3.15	3.2	1	1	1	4	1	58	0	0	0	0	0	0	0	0	0	0	
4.65	4.7	1	1	1	4	0	0	3	174	2.56526	1.74844	1.52793	4.58393	58	0	58	58	
