% start	end	CellId	IMSI	RNTI	LCID	nTxPDUs	TxBytes	nRxPDUs	RxBytes	delay	stdDev	min	max	PduSize	stdDev	min	max
0.1	0.15	1	1	1	4	1	58	0	0	0	0	0	0	0	0	0	0	
0.1	0.15	1	2	2	4	1	58	0	0	0	0	0	0	0	0	0	0	
0.45	0.5	1	1	1	4	0	0	1	58	0.383929	0	0.383929	0.383929	58	0	58	58	
3	3.05	1	2	2	4	0	0	1	58	2.90393	0	2.90393	2.90393	58	0	58	58	
3.1	3.15	1	2	2	4	1	58	0	0	0	0	0	0	0	0	0	0	
6	6.05	1	2	2	4	0	0	1	58	2.90393	0	2.90393	2.90393	58	0	58	58	
