% start	end	CellId	IMSI	RNTI	LCID	nTxPDUs	TxBytes	nRxPDUs	RxBytes	delay	stdDev	min	max	PduSize	stdDev	min	max
0.45	0.5	1	1	1	4	2	62	2	62	0.00471429	0	0.00471429	0.00471429	31	14.1421	21	41	
3	3.05	1	2	2	4	1	60	1	60	0.00471429	0	0.00471429	0.00471429	60	0	60	60	
6	6.05	1	2	2	4	1	60	1	60	0.00471429	0	0.00471429	0.00471429	60	0	60	60	
