% start	end	CellId	IMSI	RNTI	LCID	nTxPDUs	TxBytes	nRxPDUs	RxBytes	delay	stdDev	min	max	PduSize	stdDev	min	max
0.1	0.15	1	2	3	4	1	60	1	60	0.00471429	0	0.00471429	0.00471429	60	0	60	60	
0.1	0.15	1	4	1	4	2	62	2	62	0.00471429	0	0.00471429	0.00471429	31	28.2843	11	51	
0.2	0.25	1	3	2	4	3	64	3	64	0.00471429	0	0.00471429	0.00471429	21.3333	8.0829	12	26	
0.4	0.45	1	1	6	4	2	62	2	62	0.00471429	0	0.00471429	0.00471429	31	14.1421	21	41	
3.4	3.45	1	5	4	4	3	184	0	0	0	0	0	0	0	0	0	0	
3.45	3.5	1	5	4	4	0	0	3	184	0.00471429	0	0.00471429	0.00471429	61.3333	40.9919	14	85	
