% start	end	CellId	IMSI	RNTI	LCID	nTxPDUs	TxBytes	nRxPDUs	RxBytes	delay	stdDev	min	max	PduSize	stdDev	min	max
0.1	0.15	1	4	3	4	1	60	1	60	0.00471429	0	0.00471429	0.00471429	60	0	60	60	
0.15	0.2	1	2	4	4	2	38	2	38	0.00471429	0	0.00471429	0.00471429	19	0	19	19	
0.15	0.2	1	3	2	4	2	62	2	62	0.00471429	0	0.00471429	0.00471429	31	28.2843	11	51	
0.2	0.25	1	5	1	4	2	62	2	62	0.00471429	0	0.00471429	0.00471429	31	14.1421	21	41	
0.4	0.45	1	2	4	4	1	26	0	0	0	0	0	0	0	0	0	0	
0.45	0.5	1	2	4	4	0	0	1	26	0.00471429	0	0.00471429	0.00471429	26	0	26	26	
0.7	0.75	1	1	6	4	1	60	1	60	0.00471429	0	0.00471429	0.00471429	60	0	60	60	
