% start	end	CellId	IMSI	RNTI	LCID	nTxPDUs	TxBytes	nRxPDUs	RxBytes	delay	stdDev	min	max	PduSize	stdDev	min	max
0.1	0.15	1	1	3	4	3	64	3	64	0.00471429	0	0.00471429	0.00471429	21.3333	8.0829	12	26	
0.1	0.15	1	4	6	4	2	62	2	62	0.00471429	0	0.00471429	0.00471429	31	14.1421	21	41	
0.2	0.25	1	2	1	4	2	62	2	62	0.00471429	0	0.00471429	0.00471429	31	14.1421	21	41	
0.2	0.25	1	5	4	4	2	62	0	0	0	0	0	0	0	0	0	0	
0.25	0.3	1	5	4	4	0	0	2	62	0.00471429	0	0.00471429	0.00471429	31	14.1421	21	41	
3.1	3.15	1	1	3	4	1	60	1	60	0.00471429	0	0.00471429	0.00471429	60	0	60	60	
4.6	4.65	1	3	2	4	3	184	3	184	0.00471429	0	0.00471429	0.00471429	61.3333	40.9919	14	85	
9.6	9.65	1	1	3	4	1	60	1	60	0.00471429	0	0.00471429	0.00471429	60	0	60	60	
