% start	end	CellId	IMSI	RNTI	LCID	nTxPDUs	TxBytes	nRxPDUs	RxBytes	delay	stdDev	min	max	PduSize	stdDev	min	max
0.1	0.15	1	1	1	4	4	66	4	66	0.00471429	0	0.00471429	0.00471429	16.5	6.75771	10	26	
0.1	0.15	1	2	2	4	3	64	3	64	0.00471429	0	0.00471429	0.00471429	21.3333	8.0829	12	26	
0.1	0.15	1	3	3	4	1	60	1	60	0.00471429	0	0.00471429	0.00471429	60	0	60	60	
0.1	0.15	1	4	6	4	3	64	3	64	0.00471429	0	0.00471429	0.00471429	21.3333	8.0829	12	26	
0.1	0.15	1	5	4	4	1	60	1	60	0.00471429	0	0.00471429	0.00471429	60	0	60	60	
1.15	1.2	1	2	2	4	1	56	1	56	0.00471429	0	0.00471429	0.00471429	56	0	56	56	
