% start	end	CellId	IMSI	RNTI	LCID	nTxPDUs	TxBytes	nRxPDUs	RxBytes	delay	stdDev	min	max	PduSize	stdDev	min	max
0.1	0.15	1	1	2	4	1	58	0	0	0	0	0	0	0	0	0	0	
0.1	0.15	1	2	1	4	1	58	0	0	0	0	0	0	0	0	0	0	
0.15	0.2	1	1	2	4	0	0	1	58	0.0649286	0	0.0649286	0.0649286	58	0	58	58	
0.4	0.45	1	2	1	4	1	54	2	112	0.157929	0.206475	0.0119286	0.303929	56	2.82843	54	58	
7.7	7.75	1	2	1	4	1	54	1	54	0.0119286	0	0.0119286	0.0119286	54	0	54	54	
