% start	end	CellId	IMSI	RNTI	LCID	nTxPDUs	TxBytes	nRxPDUs	RxBytes	delay	stdDev	min	max	PduSize	stdDev	min	max
0.1	0.15	1	1	1	4	1	58	0	0	0	0	0	0	0	0	0	0	
0.1	0.15	1	2	2	4	1	58	1	58	0.0119286	0	0.0119286	0.0119286	58	0	58	58	
3.1	3.15	1	1	1	4	1	58	0	0	0	0	0	0	0	0	0	0	
3.2	3.25	1	1	1	4	1	58	0	0	0	0	0	0	0	0	0	0	
3.65	3.7	1	1	1	4	0	0	3	174	1.54526	1.76649	0.467929	3.58393	58	0	58	58	
