% start	end	CellId	IMSI	RNTI	LCID	nTxPDUs	TxBytes	nRxPDUs	RxBytes	delay	stdDev	min	max	PduSize	stdDev	min	max
0.1	0.15	1	1	2	4	1	58	0	0	0	0	0	0	0	0	0	0	
0.1	0.15	1	2	1	4	1	58	0	0	0	0	0	0	0	0	0	0	
0.2	0.25	1	1	2	4	0	0	1	58	0.144929	0	0.144929	0.144929	58	0	58	58	
3.1	3.15	1	2	1	4	2	116	0	0	0	0	0	0	0	0	0	0	
4.3	4.35	1	2	1	4	0	0	3	174	2.2096	1.74195	1.18693	4.22093	58	0	58	58	
