% start	end	CellId	IMSI	RNTI	LCID	nTxPDUs	TxBytes	nRxPDUs	RxBytes	delay	stdDev	min	max	PduSize	stdDev	min	max
0.1	0.15	1	1	1	4	2	112	2	112	0.0119286	0	0.0119286	0.0119286	56	2.82843	54	58	
0.1	0.15	1	2	2	4	1	58	1	58	0.0119286	0	0.0119286	0.0119286	58	0	58	58	
0.3	0.35	1	1	1	4	1	54	1	54	0.0119286	0	0.0119286	0.0119286	54	0	54	54	
0.35	0.4	1	1	1	4	1	62	1	62	0.0119286	0	0.0119286	0.0119286	62	0	62	62	
1.35	1.4	1	1	1	4	1	62	1	62	0.0119286	0	0.0119286	0.0119286	62	0	62	62	
2.35	2.4	1	1	1	4	1	62	1	62	0.0119286	0	0.0119286	0.0119286	62	0	62	62	
