% start	end	CellId	IMSI	RNTI	LCID	nTxPDUs	TxBytes	nRxPDUs	RxBytes	delay	stdDev	min	max	PduSize	stdDev	min	max
0.1	0.15	1	1	1	4	2	116	2	116	0.00471429	0	0.00471429	0.00471429	58	2.82843	56	60	
0.1	0.15	1	2	2	4	1	60	1	60	0.00471429	0	0.00471429	0.00471429	60	0	60	60	
0.3	0.35	1	1	1	4	1	56	1	56	0.00471429	0	0.00471429	0.00471429	56	0	56	56	
0.35	0.4	1	1	1	4	1	64	1	64	0.00471429	0	0.00471429	0.00471429	64	0	64	64	
1.35	1.4	1	1	1	4	1	64	1	64	0.00471429	0	0.00471429	0.00471429	64	0	64	64	
2.35	2.4	1	1	1	4	1	64	1	64	0.00471429	0	0.00471429	0.00471429	64	0	64	64	
