% start	end	CellId	IMSI	RNTI	LCID	nTxPDUs	TxBytes	nRxPDUs	RxBytes	delay	stdDev	min	max	PduSize	stdDev	min	max
0.1	0.15	1	1	4	4	1	58	0	0	0	0	0	0	0	0	0	0	
0.1	0.15	1	2	1	4	1	58	1	58	0.0139286	0	0.0139286	0.0139286	58	0	58	58	
0.1	0.15	1	3	3	4	1	58	1	58	0.0129286	0	0.0129286	0.0129286	58	0	58	58	
0.1	0.15	1	4	5	4	1	58	0	0	0	0	0	0	0	0	0	0	
0.1	0.15	1	5	2	4	1	58	1	58	0.0259286	0	0.0259286	0.0259286	58	0	58	58	
0.3	0.35	1	4	5	4	0	0	1	58	0.227929	0	0.227929	0.227929	58	0	58	58	
0.6	0.65	1	1	4	4	0	0	1	58	0.506929	0	0.506929	0.506929	58	0	58	58	
