% start	end	CellId	IMSI	RNTI	LCID	nTxPDUs	TxBytes	nRxPDUs	RxBytes	delay	stdDev	min	max	PduSize	stdDev	min	max
0.1	0.15	1	2	1	4	5	68	5	68	0.00471429	0	0.00471429	0.00471429	13.6	3.1305	8	15	
0.1	0.15	1	3	3	4	3	64	3	64	0.00471429	0	0.00471429	0.00471429	21.3333	8.0829	12	26	
0.1	0.15	1	4	5	4	2	38	2	38	0.00471429	0	0.00471429	0.00471429	19	0	19	19	
0.1	0.15	1	5	2	4	3	64	3	64	0.00471429	0	0.00471429	0.00471429	21.3333	8.0829	12	26	
0.3	0.35	1	4	5	4	1	26	1	26	0.00471429	0	0.00471429	0.00471429	26	0	26	26	
0.6	0.65	1	1	4	4	1	60	1	60	0.00471429	0	0.00471429	0.00471429	60	0	60	60	
