% start	end	CellId	IMSI	RNTI	LCID	nTxPDUs	TxBytes	nRxPDUs	RxBytes	delay	stdDev	min	max	PduSize	stdDev	min	max
0.1	0.15	1	1	4	4	1	58	1	58	0.0129286	0	0.0129286	0.0129286	58	0	58	58	
0.1	0.15	1	2	1	4	1	58	0	0	0	0	0	0	0	0	0	0	
0.1	0.15	1	3	6	4	1	58	0	0	0	0	0	0	0	0	0	0	
0.1	0.15	1	4	2	4	1	58	1	58	0.0129286	0	0.0129286	0.0129286	58	0	58	58	
0.1	0.15	1	5	3	4	1	58	1	58	0.0139286	0	0.0139286	0.0139286	58	0	58	58	
0.2	0.25	1	2	1	4	0	0	1	58	0.103929	0	0.103929	0.103929	58	0	58	58	
2.2	2.25	1	3	6	4	0	0	1	58	2.10893	0	2.10893	2.10893	58	0	58	58	
