% start	end	CellId	IMSI	RNTI	LCID	nTxPDUs	TxBytes	nRxPDUs	RxBytes	delay	stdDev	min	max	PduSize	stdDev	min	max
0.1	0.15	1	1	4	4	3	64	3	64	0.00471429	0	0.00471429	0.00471429	21.3333	8.0829	12	26	
0.1	0.15	1	3	6	4	4	60	4	60	0.00471429	0	0.00471429	0.00471429	15	0	15	15	
0.1	0.15	1	4	2	4	3	64	3	64	0.00471429	0	0.00471429	0.00471429	21.3333	8.0829	12	26	
0.1	0.15	1	5	3	4	5	68	5	68	0.00471429	0	0.00471429	0.00471429	13.6	3.1305	8	15	
0.2	0.25	1	2	1	4	2	62	2	62	0.00471429	0	0.00471429	0.00471429	31	14.1421	21	41	
2.2	2.25	1	3	6	4	1	8	1	8	0.00471429	0	0.00471429	0.00471429	8	0	8	8	
