% start	end	CellId	IMSI	RNTI	LCID	nTxPDUs	TxBytes	nRxPDUs	RxBytes	delay	stdDev	min	max	PduSize	stdDev	min	max
0.1	0.15	1	1	5	4	1	58	0	0	0	0	0	0	0	0	0	0	
0.1	0.15	1	2	3	4	1	58	1	58	0.0129286	0	0.0129286	0.0129286	58	0	58	58	
0.1	0.15	1	3	1	4	1	58	1	58	0.0129286	0	0.0129286	0.0129286	58	0	58	58	
0.1	0.15	1	4	2	4	1	58	1	58	0.0119286	0	0.0119286	0.0119286	58	0	58	58	
0.1	0.15	1	5	4	4	1	58	1	58	0.0139286	0	0.0139286	0.0139286	58	0	58	58	
2.45	2.5	1	1	5	4	0	0	1	58	2.38793	0	2.38793	2.38793	58	0	58	58	
