% start	end	CellId	IMSI	RNTI	LCID	nTxPDUs	TxBytes	nRxPDUs	RxBytes	delay	stdDev	min	max	PduSize	stdDev	min	max
0.1	0.15	1	1	2	4	3	166	3	166	0.0109286	0.00173205	0.00892857	0.0119286	55.3333	2.3094	54	58	
0.1	0.15	1	2	1	4	2	112	1	58	0.0119286	0	0.0119286	0.0119286	58	0	58	58	
0.15	0.2	1	2	1	4	1	62	2	116	0.0244286	0.0176777	0.0119286	0.0369286	58	5.65685	54	62	
0.3	0.35	1	1	2	4	1	54	1	54	0.0119286	0	0.0119286	0.0119286	54	0	54	54	
1.5	1.55	1	1	2	4	1	54	0	0	0	0	0	0	0	0	0	0	
1.55	1.6	1	1	2	4	0	0	1	54	0.0119286	0	0.0119286	0.0119286	54	0	54	54	
8.75	8.8	1	1	2	4	1	54	1	54	0.0119286	0	0.0119286	0.0119286	54	0	54	54	
9.95	10	1	1	2	4	1	54	0	0	0	0	0	0	0	0	0	0	
