% start	end	CellId	IMSI	RNTI	LCID	nTxPDUs	TxBytes	nRxPDUs	RxBytes	delay	stdDev	min	max	PduSize	stdDev	min	max
0.1	0.15	1	1	2	4	2	172	2	172	0.00471429	0	0.00471429	0.00471429	86	36.7696	60	112	
0.1	0.15	1	2	1	4	1	60	1	60	0.00471429	0	0.00471429	0.00471429	60	0	60	60	
0.15	0.2	1	2	1	4	2	120	2	120	0.00471429	0	0.00471429	0.00471429	60	5.65685	56	64	
0.3	0.35	1	1	2	4	1	56	1	56	0.00471429	0	0.00471429	0.00471429	56	0	56	56	
1.55	1.6	1	1	2	4	1	56	1	56	0.00471429	0	0.00471429	0.00471429	56	0	56	56	
8.75	8.8	1	1	2	4	1	56	1	56	0.00471429	0	0.00471429	0.00471429	56	0	56	56	
