% start	end	CellId	IMSI	RNTI	LCID	nTxPDUs	TxBytes	nRxPDUs	RxBytes	delay	stdDev	min	max	PduSize	stdDev	min	max
0.1	0.15	1	1	1	4	1	58	1	58	0.0119286	0	0.0119286	0.0119286	58	0	58	58	
0.1	0.15	1	2	4	4	1	58	0	0	0	0	0	0	0	0	0	0	
0.1	0.15	1	3	3	4	1	58	1	58	0.0119286	0	0.0119286	0.0119286	58	0	58	58	
0.1	0.15	1	4	2	4	1	58	1	58	0.0249286	0	0.0249286	0.0249286	58	0	58	58	
0.1	0.15	1	5	6	4	1	58	1	58	0.0119286	0	0.0119286	0.0119286	58	0	58	58	
0.15	0.2	1	2	4	4	0	0	1	58	0.0659286	0	0.0659286	0.0659286	58	0	58	58	
3.1	3.15	1	1	1	4	1	58	0	0	0	0	0	0	0	0	0	0	
3.2	3.25	1	1	1	4	0	0	1	58	0.103929	0	0.103929	0.103929	58	0	58	58	
9.1	9.15	1	1	1	4	1	58	1	58	0.0119286	0	0.0119286	0.0119286	58	0	58	58	
