% start	end	CellId	IMSI	RNTI	LCID	nTxPDUs	TxBytes	nRxPDUs	RxBytes	delay	stdDev	min	max	PduSize	stdDev	min	max
0.1	0.15	1	1	1	4	1	58	0	0	0	0	0	0	0	0	0	0	
0.1	0.15	1	3	3	4	1	58	1	58	0.0119286	0	0.0119286	0.0119286	58	0	58	58	
0.1	0.15	1	4	6	4	1	58	0	0	0	0	0	0	0	0	0	0	
0.1	0.15	1	5	4	4	1	58	1	58	0.0129286	0	0.0129286	0.0129286	58	0	58	58	
0.2	0.25	1	2	2	4	1	58	0	0	0	0	0	0	0	0	0	0	
0.25	0.3	1	2	2	4	0	0	1	58	0.0539286	0	0.0539286	0.0539286	58	0	58	58	
0.3	0.35	1	1	1	4	0	0	1	58	0.223929	0	0.223929	0.223929	58	0	58	58	
2.45	2.5	1	4	6	4	0	0	1	58	2.34793	0	2.34793	2.34793	58	0	58	58	
