% start	end	CellId	IMSI	RNTI	LCID	nTxPDUs	TxBytes	nRxPDUs	RxBytes	delay	stdDev	min	max	PduSize	stdDev	min	max
0.1	0.15	1	3	3	4	2	62	2	62	0.00471429	0	0.00471429	0.00471429	31	1.41421	30	32	
0.1	0.15	1	5	4	4	2	62	2	62	0.00471429	0	0.00471429	0.00471429	31	28.2843	11	51	
0.25	0.3	1	2	2	4	3	64	3	64	0.00471429	0	0.00471429	0.00471429	21.3333	8.0829	12	26	
0.3	0.35	1	1	1	4	1	60	1	60	0.00471429	0	0.00471429	0.00471429	60	0	60	60	
2.4	2.45	1	4	6	4	1	60	0	0	0	0	0	0	0	0	0	0	
2.45	2.5	1	4	6	4	0	0	1	60	0.00471429	0	0.00471429	0.00471429	60	0	60	60	
