% start	end	CellId	IMSI	RNTI	LCID	nTxPDUs	TxBytes	nRxPDUs	RxBytes	delay	stdDev	min	max	PduSize	stdDev	min	max
0.1	0.15	1	1	1	4	1	58	0	0	0	0	0	0	0	0	0	0	
0.1	0.15	1	2	3	4	1	58	0	0	0	0	0	0	0	0	0	0	
0.1	0.15	1	3	4	4	1	58	1	58	0.0119286	0	0.0119286	0.0119286	58	0	58	58	
0.1	0.15	1	4	6	4	1	58	1	58	0.0129286	0	0.0129286	0.0129286	58	0	58	58	
0.1	0.15	1	5	2	4	1	58	1	58	0.0129286	0	0.0129286	0.0129286	58	0	58	58	
0.4	0.45	1	2	3	4	0	0	1	58	0.345929	0	0.345929	0.345929	58	0	58	58	
2.1	2.15	1	1	1	4	0	0	1	58	2.02293	0	2.02293	2.02293	58	0	58	58	
