% start	end	CellId	IMSI	RNTI	LCID	nTxPDUs	TxBytes	nRxPDUs	RxBytes	delay	stdDev	min	max	PduSize	stdDev	min	max
0.1	0.15	1	1	1	4	1	58	0	0	0	0	0	0	0	0	0	0	
0.1	0.15	1	2	6	4	1	58	0	0	0	0	0	0	0	0	0	0	
0.1	0.15	1	3	2	4	1	58	1	58	0.0249286	0	0.0249286	0.0249286	58	0	58	58	
0.1	0.15	1	4	4	4	1	58	1	58	0.0149286	0	0.0149286	0.0149286	58	0	58	58	
0.1	0.15	1	5	3	4	1	58	1	58	0.0119286	0	0.0119286	0.0119286	58	0	58	58	
0.45	0.5	1	2	6	4	0	0	1	58	0.347929	0	0.347929	0.347929	58	0	58	58	
3.1	3.15	1	1	1	4	1	58	0	0	0	0	0	0	0	0	0	0	
3.2	3.25	1	1	1	4	1	58	0	0	0	0	0	0	0	0	0	0	
4	4.05	1	1	1	4	0	0	3	174	1.91093	1.76133	0.844929	3.94393	58	0	58	58	
