% start	end	CellId	IMSI	RNTI	LCID	nTxPDUs	TxBytes	nRxPDUs	RxBytes	delay	stdDev	min	max	PduSize	stdDev	min	max
0.1	0.15	1	3	2	4	3	64	3	64	0.00471429	0	0.00471429	0.00471429	21.3333	4.04145	19	26	
0.1	0.15	1	4	4	4	3	64	3	64	0.00471429	0	0.00471429	0.00471429	21.3333	8.0829	12	26	
0.1	0.15	1	5	3	4	2	62	2	62	0.00471429	0	0.00471429	0.00471429	31	28.2843	11	51	
0.4	0.45	1	2	6	4	1	60	0	0	0	0	0	0	0	0	0	0	
0.45	0.5	1	2	6	4	0	0	1	60	0.00471429	0	0.00471429	0.00471429	60	0	60	60	
4	4.05	1	1	1	4	3	184	3	184	0.00471429	0	0.00471429	0.00471429	61.3333	40.9919	14	85	
