% start	end	CellId	IMSI	RNTI	LCID	nTxPDUs	TxBytes	nRxPDUs	RxBytes	delay	stdDev	min	max	PduSize	stdDev	min	max
0.1	0.15	1	1	6	4	1	58	1	58	0.0119286	0	0.0119286	0.0119286	58	0	58	58	
0.1	0.15	1	2	4	4	1	58	1	58	0.0119286	0	0.0119286	0.0119286	58	0	58	58	
0.1	0.15	1	3	2	4	1	58	1	58	0.0119286	0	0.0119286	0.0119286	58	0	58	58	
0.1	0.15	1	4	3	4	1	58	1	58	0.0119286	0	0.0119286	0.0119286	58	0	58	58	
0.1	0.15	1	5	1	4	1	58	1	58	0.0119286	0	0.0119286	0.0119286	58	0	58	58	
1.1	1.15	1	1	6	4	1	54	1	54	0.0119286	0	0.0119286	0.0119286	54	0	54	54	
1.1	1.15	1	5	1	4	1	54	1	54	0.0119286	0	0.0119286	0.0119286	54	0	54	54	
4.3	4.35	1	5	1	4	1	54	0	0	0	0	0	0	0	0	0	0	
4.35	4.4	1	5	1	4	0	0	1	54	0.0119286	0	0.0119286	0.0119286	54	0	54	54	
