% start	end	CellId	IMSI	RNTI	LCID	nTxPDUs	TxBytes	nRxPDUs	RxBytes	delay	stdDev	min	max	PduSize	stdDev	min	max
0.1	0.15	1	1	1	4	5	290	3	166	0.0112619	0.0011547	0.00992857	0.0119286	55.3333	2.3094	54	58	
0.1	0.15	1	2	2	4	1	58	1	58	0.0119286	0	0.0119286	0.0119286	58	0	58	58	
0.15	0.2	1	1	1	4	0	0	2	124	0.0114286	0.000707107	0.0109286	0.0119286	62	0	62	62	
3.1	3.15	1	1	1	4	1	62	0	0	0	0	0	0	0	0	0	0	
3.1	3.15	1	2	2	4	1	54	1	54	0.0119286	0	0.0119286	0.0119286	54	0	54	54	
3.15	3.2	1	1	1	4	0	0	1	62	0.0119286	0	0.0119286	0.0119286	62	0	62	62	
