% start	end	CellId	IMSI	RNTI	LCID	nTxPDUs	TxBytes	nRxPDUs	RxBytes	delay	stdDev	min	max	PduSize	stdDev	min	max
0.1	0.15	1	1	1	4	2	172	2	172	0.00471429	0	0.00471429	0.00471429	86	36.7696	60	112	
0.1	0.15	1	2	2	4	1	60	1	60	0.00471429	0	0.00471429	0.00471429	60	0	60	60	
0.15	0.2	1	1	1	4	1	128	1	128	0.00471429	0	0.00471429	0.00471429	128	0	128	128	
3.1	3.15	1	2	2	4	1	56	1	56	0.00471429	0	0.00471429	0.00471429	56	0	56	56	
3.15	3.2	1	1	1	4	1	64	1	64	0.00471429	0	0.00471429	0.00471429	64	0	64	64	
