% start	end	CellId	IMSI	RNTI	LCID	nTxPDUs	TxBytes	nRxPDUs	RxBytes	delay	stdDev	min	max	PduSize	stdDev	min	max
0.1	0.15	1	1	3	4	1	58	1	58	0.0149286	0	0.0149286	0.0149286	58	0	58	58	
0.1	0.15	1	2	1	4	1	58	0	0	0	0	0	0	0	0	0	0	
0.1	0.15	1	3	2	4	1	58	0	0	0	0	0	0	0	0	0	0	
0.1	0.15	1	4	4	4	1	58	1	58	0.0149286	0	0.0149286	0.0149286	58	0	58	58	
0.1	0.15	1	5	6	4	1	58	0	0	0	0	0	0	0	0	0	0	
0.2	0.25	1	2	1	4	0	0	1	58	0.102929	0	0.102929	0.102929	58	0	58	58	
0.2	0.25	1	5	6	4	0	0	1	58	0.107929	0	0.107929	0.107929	58	0	58	58	
0.8	0.85	1	3	2	4	0	0	1	58	0.704929	0	0.704929	0.704929	58	0	58	58	
