% start	end	CellId	IMSI	RNTI	LCID	nTxPDUs	TxBytes	nRxPDUs	RxBytes	delay	stdDev	min	max	PduSize	stdDev	min	max
0.1	0.15	1	1	3	4	1	58	0	0	0	0	0	0	0	0	0	0	
0.1	0.15	1	2	6	4	1	58	0	0	0	0	0	0	0	0	0	0	
0.1	0.15	1	3	4	4	1	58	0	0	0	0	0	0	0	0	0	0	
0.1	0.15	1	4	2	4	1	58	1	58	0.0259286	0	0.0259286	0.0259286	58	0	58	58	
0.1	0.15	1	5	1	4	1	58	0	0	0	0	0	0	0	0	0	0	
0.15	0.2	1	5	1	4	0	0	1	58	0.0639286	0	0.0639286	0.0639286	58	0	58	58	
0.2	0.25	1	2	6	4	0	0	1	58	0.106929	0	0.106929	0.106929	58	0	58	58	
0.2	0.25	1	3	4	4	0	0	1	58	0.107929	0	0.107929	0.107929	58	0	58	58	
1	1.05	1	1	3	4	0	0	1	58	0.944929	0	0.944929	0.944929	58	0	58	58	
