% start	end	CellId	IMSI	RNTI	LCID	nTxPDUs	TxBytes	nRxPDUs	RxBytes	delay	stdDev	min	max	PduSize	stdDev	min	max
0.1	0.15	1	4	2	4	3	64	3	64	0.00471429	0	0.00471429	0.00471429	21.3333	8.0829	12	26	
0.15	0.2	1	5	1	4	4	66	4	66	0.00471429	0	0.00471429	0.00471429	16.5	5	9	19	
0.2	0.25	1	2	6	4	1	60	1	60	0.00471429	0	0.00471429	0.00471429	60	0	60	60	
0.2	0.25	1	3	4	4	3	64	3	64	0.00471429	0	0.00471429	0.00471429	21.3333	8.0829	12	26	
1	1.05	1	1	3	4	1	60	1	60	0.00471429	0	0.00471429	0.00471429	60	0	60	60	
