% start	end	CellId	IMSI	RNTI	LCID	nTxPDUs	TxBytes	nRxPDUs	RxBytes	delay	stdDev	min	max	PduSize	stdDev	min	max
0.1	0.15	1	1	1	4	1	58	0	0	0	0	0	0	0	0	0	0	
0.1	0.15	1	2	2	4	1	58	1	58	0.0249286	0	0.0249286	0.0249286	58	0	58	58	
0.6	0.65	1	1	1	4	0	0	1	58	0.543929	0	0.543929	0.543929	58	0	58	58	
