% start	end	CellId	IMSI	RNTI	LCID	nTxPDUs	TxBytes	nRxPDUs	RxBytes	delay	stdDev	min	max	PduSize	stdDev	min	max
0.1	0.15	1	1	1	4	1	58	0	0	0	0	0	0	0	0	0	0	
0.15	0.2	1	1	1	4	0	0	1	58	0.0639286	0	0.0639286	0.0639286	58	0	58	58	
1.15	1.2	1	1	1	4	1	54	0	0	0	0	0	0	0	0	0	0	
1.2	1.25	1	1	1	4	0	0	1	54	0.0699286	0	0.0699286	0.0699286	54	0	54	54	
8.45	8.5	1	1	1	4	1	54	1	54	0.0119286	0	0.0119286	0.0119286	54	0	54	54	
