% start	end	CellId	IMSI	RNTI	LCID	nTxPDUs	TxBytes	nRxPDUs	RxBytes	delay	stdDev	min	max	PduSize	stdDev	min	max
0.1	0.15	1	1	4	4	1	58	0	0	0	0	0	0	0	0	0	0	
0.1	0.15	1	2	6	4	1	58	1	58	0.0119286	0	0.0119286	0.0119286	58	0	58	58	
0.1	0.15	1	3	2	4	1	58	1	58	0.0259286	0	0.0259286	0.0259286	58	0	58	58	
0.1	0.15	1	4	3	4	1	58	0	0	0	0	0	0	0	0	0	0	
0.1	0.15	1	5	1	4	1	58	1	58	0.0119286	0	0.0119286	0.0119286	58	0	58	58	
0.15	0.2	1	4	3	4	0	0	1	58	0.0659286	0	0.0659286	0.0659286	58	0	58	58	
0.85	0.9	1	1	4	4	0	0	1	58	0.745929	0	0.745929	0.745929	58	0	58	58	
