% start	end	CellId	IMSI	RNTI	LCID	nTxPDUs	TxBytes	nRxPDUs	RxBytes	delay	stdDev	min	max	PduSize	stdDev	min	max
0.1	0.15	1	1	1	4	1	58	0	0	0	0	0	0	0	0	0	0	
0.1	0.15	1	2	2	4	1	58	0	0	0	0	0	0	0	0	0	0	
0.15	0.2	1	1	1	4	0	0	1	58	0.0639286	0	0.0639286	0.0639286	58	0	58	58	
1.3	1.35	1	2	2	4	0	0	1	58	1.22493	0	1.22493	1.22493	58	0	58	58	
3.1	3.15	1	1	1	4	1	58	0	0	0	0	0	0	0	0	0	0	
7.6	7.65	1	1	1	4	0	0	1	58	4.54393	0	4.54393	4.54393	58	0	58	58	
9.1	9.15	1	1	1	4	1	58	0	0	0	0	0	0	0	0	0	0	
