% start	end	CellId	IMSI	RNTI	LCID	nTxPDUs	TxBytes	nRxPDUs	RxBytes	delay	stdDev	min	max	PduSize	stdDev	min	max
0.15	0.2	1	1	1	4	2	62	2	62	0.00471429	0	0.00471429	0.00471429	31	14.1421	21	41	
1.3	1.35	1	2	2	4	1	60	1	60	0.00471429	0	0.00471429	0.00471429	60	0	60	60	
7.6	7.65	1	1	1	4	1	60	1	60	0.00471429	0	0.00471429	0.00471429	60	0	60	60	
