% start	end	CellId	IMSI	RNTI	LCID	nTxPDUs	TxBytes	nRxPDUs	RxBytes	delay	stdDev	min	max	PduSize	stdDev	min	max
0.1	0.15	1	2	2	4	2	62	2	62	0.00471429	0	0.00471429	0.00471429	31	14.1421	21	41	
0.1	0.15	1	3	5	4	1	60	1	60	0.00471429	0	0.00471429	0.00471429	60	0	60	60	
0.1	0.15	1	4	1	4	1	60	1	60	0.00471429	0	0.00471429	0.00471429	60	0	60	60	
0.1	0.15	1	5	3	4	2	172	2	172	0.00471429	0	0.00471429	0.00471429	86	36.7696	60	112	
0.2	0.25	1	1	4	4	2	116	2	116	0.00471429	0	0.00471429	0.00471429	58	2.82843	56	60	
0.45	0.5	1	1	4	4	1	56	1	56	0.00471429	0	0.00471429	0.00471429	56	0	56	56	
1.15	1.2	1	4	1	4	1	56	1	56	0.00471429	0	0.00471429	0.00471429	56	0	56	56	
1.35	1.4	1	4	1	4	1	56	1	56	0.00471429	0	0.00471429	0.00471429	56	0	56	56	
