% start	end	CellId	IMSI	RNTI	LCID	nTxPDUs	TxBytes	nRxPDUs	RxBytes	delay	stdDev	min	max	PduSize	stdDev	min	max
0.1	0.15	1	1	1	4	1	58	0	0	0	0	0	0	0	0	0	0	
3.1	3.15	1	1	1	4	1	58	0	0	0	0	0	0	0	0	0	0	
3.2	3.25	1	1	1	4	1	58	0	0	0	0	0	0	0	0	0	0	
4.6	4.65	1	1	1	4	0	0	3	174	2.51026	1.76193	1.44293	4.54393	58	0	58	58	
