% start	end	CellId	IMSI	RNTI	LCID	nTxPDUs	TxBytes	nRxPDUs	RxBytes	delay	stdDev	min	max	PduSize	stdDev	min	max
0.1	0.15	1	1	1	4	6	344	4	220	0.0104286	0.00191485	0.00792857	0.0119286	55	2	54	58	
0.1	0.15	1	2	2	4	4	220	4	220	0.0101786	0.00236291	0.00692857	0.0119286	55	2	54	58	
0.15	0.2	1	1	1	4	0	0	2	124	0.0114286	0.000707107	0.0109286	0.0119286	62	0	62	62	
1.1	1.15	1	1	1	4	1	62	0	0	0	0	0	0	0	0	0	0	
1.15	1.2	1	1	1	4	0	0	1	62	0.0119286	0	0.0119286	0.0119286	62	0	62	62	
4.15	4.2	1	1	1	4	2	124	2	124	0.0119286	0	0.0119286	0.0119286	62	0	62	62	
