% start	end	CellId	IMSI	RNTI	LCID	nTxPDUs	TxBytes	nRxPDUs	RxBytes	delay	stdDev	min	max	PduSize	stdDev	min	max
0.1	0.15	1	1	1	4	3	355	2	227	0.00471429	0	0.00471429	0.00471429	113.5	75.6604	60	167	
0.1	0.15	1	2	2	4	2	227	2	227	0.00471429	0	0.00471429	0.00471429	113.5	75.6604	60	167	
0.15	0.2	1	1	1	4	0	0	1	128	0.00471429	0	0.00471429	0.00471429	128	0	128	128	
1.1	1.15	1	1	1	4	1	64	0	0	0	0	0	0	0	0	0	0	
1.15	1.2	1	1	1	4	0	0	1	64	0.00471429	0	0.00471429	0.00471429	64	0	64	64	
4.15	4.2	1	1	1	4	2	128	2	128	0.00471429	0	0.00471429	0.00471429	64	0	64	64	
