% start	end	CellId	IMSI	RNTI	LCID	nTxPDUs	TxBytes	nRxPDUs	RxBytes	delay	stdDev	min	max	PduSize	stdDev	min	max
0.1	0.15	1	3	2	4	4	66	4	66	0.00471429	0	0.00471429	0.00471429	16.5	5	9	19	
0.1	0.15	1	4	4	4	2	62	2	62	0.00471429	0	0.00471429	0.00471429	31	1.41421	30	32	
0.1	0.15	1	5	3	4	2	62	0	0	0	0	0	0	0	0	0	0	
0.15	0.2	1	5	3	4	0	0	2	62	0.00471429	0	0.00471429	0.00471429	31	1.41421	30	32	
0.2	0.25	1	2	1	4	2	62	2	62	0.00471429	0	0.00471429	0.00471429	31	14.1421	21	41	
3.15	3.2	1	1	6	4	2	122	2	122	0.00471429	0	0.00471429	0.00471429	61	62.2254	17	105	
3.2	3.25	1	5	3	4	1	60	1	60	0.00471429	0	0.00471429	0.00471429	60	0	60	60	
6.3	6.35	1	1	6	4	1	60	1	60	0.00471429	0	0.00471429	0.00471429	60	0	60	60	
9.3	9.35	1	5	3	4	1	60	1	60	0.00471429	0	0.00471429	0.00471429	60	0	60	60	
