% start	end	CellId	IMSI	RNTI	LCID	nTxPDUs	TxBytes	nRxPDUs	RxBytes	delay	stdDev	min	max	PduSize	stdDev	min	max
0.1	0.15	1	1	2	4	1	58	1	58	0.0119286	0	0.0119286	0.0119286	58	0	58	58	
0.1	0.15	1	2	1	4	1	58	0	0	0	0	0	0	0	0	0	0	
3.1	3.15	1	2	1	4	1	58	0	0	0	0	0	0	0	0	0	0	
3.2	3.25	1	2	1	4	1	58	0	0	0	0	0	0	0	0	0	0	
5	5.05	1	2	1	4	0	0	3	174	2.90893	1.76314	1.83893	4.94393	58	0	58	58	
