% start	end	CellId	IMSI	RNTI	LCID	nTxPDUs	TxBytes	nRxPDUs	RxBytes	delay	stdDev	min	max	PduSize	stdDev	min	max
0.1	0.15	1	1	2	4	1	60	1	60	0.00471429	0	0.00471429	0.00471429	60	0	60	60	
5	5.05	1	2	1	4	2	181	2	181	0.00471429	0	0.00471429	0.00471429	90.5	65.7609	44	137	
