% start	end	CellId	IMSI	RNTI	LCID	nTxPDUs	TxBytes	nRxPDUs	RxBytes	delay	stdDev	min	max	PduSize	stdDev	min	max
0.1	0.15	1	1	1	4	1	58	0	0	0	0	0	0	0	0	0	0	
0.1	0.15	1	2	2	4	1	58	0	0	0	0	0	0	0	0	0	0	
0.15	0.2	1	2	2	4	0	0	1	58	0.0649286	0	0.0649286	0.0649286	58	0	58	58	
2.9	2.95	1	1	1	4	0	0	1	58	2.82393	0	2.82393	2.82393	58	0	58	58	
