% start	end	CellId	IMSI	RNTI	LCID	nTxPDUs	TxBytes	nRxPDUs	RxBytes	delay	stdDev	min	max	PduSize	stdDev	min	max
0.1	0.15	1	2	1	4	3	64	3	64	0.00471429	0	0.00471429	0.00471429	21.3333	8.0829	12	26	
0.1	0.15	1	3	2	4	2	62	2	62	0.00471429	0	0.00471429	0.00471429	31	14.1421	21	41	
0.2	0.25	1	4	5	4	1	60	1	60	0.00471429	0	0.00471429	0.00471429	60	0	60	60	
0.35	0.4	1	1	4	4	2	62	2	62	0.00471429	0	0.00471429	0.00471429	31	14.1421	21	41	
0.6	0.65	1	5	3	4	1	60	1	60	0.00471429	0	0.00471429	0.00471429	60	0	60	60	
9.6	9.65	1	4	5	4	1	56	1	56	0.00471429	0	0.00471429	0.00471429	56	0	56	56	
