% start	end	CellId	IMSI	RNTI	LCID	nTxPDUs	TxBytes	nRxPDUs	RxBytes	delay	stdDev	min	max	PduSize	stdDev	min	max
0.1	0.15	1	1	1	4	1	58	1	58	0.0119286	0	0.0119286	0.0119286	58	0	58	58	
3.1	3.15	1	1	1	4	1	54	0	0	0	0	0	0	0	0	0	0	
3.2	3.25	1	1	1	4	0	0	1	54	0.0879286	0	0.0879286	0.0879286	54	0	54	54	
3.4	3.45	1	1	1	4	2	116	1	54	0.0119286	0	0.0119286	0.0119286	54	0	54	54	
3.45	3.5	1	1	1	4	0	0	1	62	0.0119286	0	0.0119286	0.0119286	62	0	62	62	
