% start	end	CellId	IMSI	RNTI	LCID	nTxPDUs	TxBytes	nRxPDUs	RxBytes	delay	stdDev	min	max	PduSize	stdDev	min	max
0.1	0.15	1	1	2	4	1	58	1	58	0.0119286	0	0.0119286	0.0119286	58	0	58	58	
0.1	0.15	1	2	3	4	1	58	0	0	0	0	0	0	0	0	0	0	
0.1	0.15	1	3	1	4	1	58	1	58	0.0119286	0	0.0119286	0.0119286	58	0	58	58	
0.1	0.15	1	4	4	4	1	58	1	58	0.0129286	0	0.0129286	0.0129286	58	0	58	58	
0.1	0.15	1	5	6	4	1	58	0	0	0	0	0	0	0	0	0	0	
0.2	0.25	1	2	3	4	0	0	1	58	0.105929	0	0.105929	0.105929	58	0	58	58	
2.25	2.3	1	5	6	4	0	0	1	58	2.14893	0	2.14893	2.14893	58	0	58	58	
