% start	end	CellId	IMSI	RNTI	LCID	nTxPDUs	TxBytes	nRxPDUs	RxBytes	delay	stdDev	min	max	PduSize	stdDev	min	max
0.1	0.15	1	1	2	4	1	60	1	60	0.00471429	0	0.00471429	0.00471429	60	0	60	60	
0.1	0.15	1	2	3	4	2	52	2	52	0.00471429	0	0.00471429	0.00471429	26	0	26	26	
0.1	0.15	1	3	1	4	1	60	1	60	0.00471429	0	0.00471429	0.00471429	60	0	60	60	
0.1	0.15	1	4	4	4	4	66	4	66	0.00471429	0	0.00471429	0.00471429	16.5	6.75771	10	26	
0.2	0.25	1	2	3	4	1	12	1	12	0.00471429	0	0.00471429	0.00471429	12	0	12	12	
2.2	2.25	1	5	6	4	1	60	0	0	0	0	0	0	0	0	0	0	
2.25	2.3	1	5	6	4	0	0	1	60	0.00471429	0	0.00471429	0.00471429	60	0	60	60	
