% start	end	CellId	IMSI	RNTI	LCID	nTxPDUs	TxBytes	nRxPDUs	RxBytes	delay	stdDev	min	max	PduSize	stdDev	min	max
0.1	0.15	1	1	4	4	1	58	1	58	0.0159286	0	0.0159286	0.0159286	58	0	58	58	
0.1	0.15	1	2	2	4	1	58	0	0	0	0	0	0	0	0	0	0	
0.1	0.15	1	3	1	4	1	58	0	0	0	0	0	0	0	0	0	0	
0.1	0.15	1	4	3	4	1	58	1	58	0.0129286	0	0.0129286	0.0129286	58	0	58	58	
0.1	0.15	1	5	6	4	1	58	1	58	0.0289286	0	0.0289286	0.0289286	58	0	58	58	
0.15	0.2	1	3	1	4	0	0	1	58	0.0619286	0	0.0619286	0.0619286	58	0	58	58	
1.4	1.45	1	2	2	4	0	0	1	58	1.34493	0	1.34493	1.34493	58	0	58	58	
