% start	end	CellId	IMSI	RNTI	LCID	nTxPDUs	TxBytes	nRxPDUs	RxBytes	delay	stdDev	min	max	PduSize	stdDev	min	max
0.1	0.15	1	1	4	4	5	68	5	68	0.00471429	0	0.00471429	0.00471429	13.6	3.1305	8	15	
0.1	0.15	1	4	3	4	4	66	4	66	0.00471429	0	0.00471429	0.00471429	16.5	3	13	19	
0.1	0.15	1	5	6	4	2	62	2	62	0.00471429	0	0.00471429	0.00471429	31	14.1421	21	41	
0.15	0.2	1	3	1	4	2	62	2	62	0.00471429	0	0.00471429	0.00471429	31	14.1421	21	41	
1.4	1.45	1	2	2	4	1	60	1	60	0.00471429	0	0.00471429	0.00471429	60	0	60	60	
