% start	end	CellId	IMSI	RNTI	LCID	nTxPDUs	TxBytes	nRxPDUs	RxBytes	delay	stdDev	min	max	PduSize	stdDev	min	max
0.1	0.15	1	1	1	4	1	58	1	58	0.0129286	0	0.0129286	0.0129286	58	0	58	58	
0.1	0.15	1	2	3	4	1	58	1	58	0.0129286	0	0.0129286	0.0129286	58	0	58	58	
0.1	0.15	1	3	4	4	1	58	1	58	0.0119286	0	0.0119286	0.0119286	58	0	58	58	
0.1	0.15	1	4	2	4	1	58	1	58	0.0129286	0	0.0129286	0.0129286	58	0	58	58	
3.2	3.25	1	5	5	4	1	58	0	0	0	0	0	0	0	0	0	0	
6.2	6.25	1	5	5	4	1	58	0	0	0	0	0	0	0	0	0	0	
7.4	7.45	1	5	5	4	0	0	2	116	2.66493	2.12132	1.16493	4.16493	58	0	58	58	
