% start	end	CellId	IMSI	RNTI	LCID	nTxPDUs	TxBytes	nRxPDUs	RxBytes	delay	stdDev	min	max	PduSize	stdDev	min	max
0.1	0.15	1	1	1	4	4	66	4	66	0.00471429	0	0.00471429	0.00471429	16.5	5	9	19	
0.1	0.15	1	2	3	4	4	66	4	66	0.00471429	0	0.00471429	0.00471429	16.5	5	9	19	
0.1	0.15	1	3	4	4	2	62	2	62	0.00471429	0	0.00471429	0.00471429	31	1.41421	30	32	
0.1	0.15	1	4	2	4	4	66	4	66	0.00471429	0	0.00471429	0.00471429	16.5	5	9	19	
7.4	7.45	1	5	5	4	2	122	2	122	0.00471429	0	0.00471429	0.00471429	61	33.9411	37	85	
