% start	end	CellId	IMSI	RNTI	LCID	nTxPDUs	TxBytes	nRxPDUs	RxBytes	delay	stdDev	min	max	PduSize	stdDev	min	max
0.1	0.15	1	1	1	4	8	468	8	468	0.0106786	0.00138873	0.00792857	0.0119286	58.5	3.96412	54	62	
0.1	0.15	1	2	2	4	5	282	4	220	0.0101786	0.00236291	0.00692857	0.0119286	55	2	54	58	
0.15	0.2	1	2	2	4	0	0	1	62	0.0119286	0	0.0119286	0.0119286	62	0	62	62	
3.1	3.15	1	1	1	4	1	62	1	62	0.0119286	0	0.0119286	0.0119286	62	0	62	62	
3.15	3.2	1	1	1	4	4	240	4	240	0.0111786	0.000957427	0.00992857	0.0119286	60	4	54	62	
4.4	4.45	1	1	1	4	1	54	1	54	0.0119286	0	0.0119286	0.0119286	54	0	54	54	
