% start	end	CellId	IMSI	RNTI	LCID	nTxPDUs	TxBytes	nRxPDUs	RxBytes	delay	stdDev	min	max	PduSize	stdDev	min	max
0.1	0.15	1	1	1	4	3	482	3	482	0.00471429	0	0.00471429	0.00471429	160.667	97.6542	60	255	
0.1	0.15	1	2	2	4	2	227	2	227	0.00471429	0	0.00471429	0.00471429	113.5	75.6604	60	167	
0.15	0.2	1	2	2	4	1	64	1	64	0.00471429	0	0.00471429	0.00471429	64	0	64	64	
3.1	3.15	1	1	1	4	1	64	1	64	0.00471429	0	0.00471429	0.00471429	64	0	64	64	
3.15	3.2	1	1	1	4	2	248	2	248	0.00471429	0	0.00471429	0.00471429	124	5.65685	120	128	
4.4	4.45	1	1	1	4	1	56	1	56	0.00471429	0	0.00471429	0.00471429	56	0	56	56	
