% start	end	CellId	IMSI	RNTI	LCID	nTxPDUs	TxBytes	nRxPDUs	RxBytes	delay	stdDev	min	max	PduSize	stdDev	min	max
0.1	0.15	1	1	1	4	1	58	0	0	0	0	0	0	0	0	0	0	
0.1	0.15	1	2	2	4	1	58	1	58	0.0119286	0	0.0119286	0.0119286	58	0	58	58	
3.1	3.15	1	1	1	4	2	116	0	0	0	0	0	0	0	0	0	0	
4.4	4.45	1	1	1	4	0	0	3	174	2.3396	1.73582	1.33093	4.34393	58	0	58	58	
