% start	end	CellId	IMSI	RNTI	LCID	nTxPDUs	TxBytes	nRxPDUs	RxBytes	delay	stdDev	min	max	PduSize	stdDev	min	max
0.1	0.15	1	1	1	4	1	58	1	58	0.0129286	0	0.0129286	0.0129286	58	0	58	58	
0.1	0.15	1	2	3	4	1	58	0	0	0	0	0	0	0	0	0	0	
0.1	0.15	1	3	2	4	1	58	0	0	0	0	0	0	0	0	0	0	
0.1	0.15	1	4	6	4	1	58	0	0	0	0	0	0	0	0	0	0	
0.1	0.15	1	5	4	4	1	58	1	58	0.0119286	0	0.0119286	0.0119286	58	0	58	58	
0.15	0.2	1	3	2	4	0	0	1	58	0.0639286	0	0.0639286	0.0639286	58	0	58	58	
0.4	0.45	1	2	3	4	0	0	1	58	0.305929	0	0.305929	0.305929	58	0	58	58	
0.6	0.65	1	4	6	4	0	0	1	58	0.507929	0	0.507929	0.507929	58	0	58	58	
