% start	end	CellId	IMSI	RNTI	LCID	nTxPDUs	TxBytes	nRxPDUs	RxBytes	delay	stdDev	min	max	PduSize	stdDev	min	max
0.1	0.15	1	1	1	4	1	58	0	0	0	0	0	0	0	0	0	0	
3.1	3.15	1	1	1	4	2	116	0	0	0	0	0	0	0	0	0	0	
4	4.05	1	1	1	4	0	0	3	174	1.8976	1.73756	0.884929	3.90393	58	0	58	58	
