% start	end	CellId	IMSI	RNTI	LCID	nTxPDUs	TxBytes	nRxPDUs	RxBytes	delay	stdDev	min	max	PduSize	stdDev	min	max
0.1	0.15	1	1	2	4	1	58	0	0	0	0	0	0	0	0	0	0	
0.1	0.15	1	2	1	4	1	58	0	0	0	0	0	0	0	0	0	0	
0.3	0.35	1	1	2	4	0	0	1	58	0.224929	0	0.224929	0.224929	58	0	58	58	
1.05	1.1	1	2	1	4	0	0	1	58	0.983929	0	0.983929	0.983929	58	0	58	58	
