% start	end	CellId	IMSI	RNTI	LCID	nTxPDUs	TxBytes	nRxPDUs	RxBytes	delay	stdDev	min	max	PduSize	stdDev	min	max
0.1	0.15	1	1	1	4	1	58	0	0	0	0	0	0	0	0	0	0	
3.1	3.15	1	1	1	4	1	58	0	0	0	0	0	0	0	0	0	0	
3.15	3.2	1	1	1	4	1	58	0	0	0	0	0	0	0	0	0	0	
5.2	5.25	1	1	1	4	0	0	3	174	3.12226	1.75112	2.07893	5.14393	58	0	58	58	
