% start	end	CellId	IMSI	RNTI	LCID	nTxPDUs	TxBytes	nRxPDUs	RxBytes	delay	stdDev	min	max	PduSize	stdDev	min	max
0.1	0.15	1	1	2	4	1	58	1	58	0.0119286	0	0.0119286	0.0119286	58	0	58	58	
0.1	0.15	1	2	1	4	4	220	4	220	0.0131786	0.00745542	0.00692857	0.0239286	55	2	54	58	
1.35	1.4	1	2	1	4	1	54	0	0	0	0	0	0	0	0	0	0	
1.45	1.5	1	2	1	4	0	0	1	54	0.128929	0	0.128929	0.128929	54	0	54	54	
