% start	end	CellId	IMSI	RNTI	LCID	nTxPDUs	TxBytes	nRxPDUs	RxBytes	delay	stdDev	min	max	PduSize	stdDev	min	max
0.1	0.15	1	1	1	4	9	530	9	530	0.0111508	0.000833333	0.00992857	0.0119286	58.8889	3.8873	54	62	
0.15	0.2	1	1	1	4	6	420	6	420	0.0105952	0.00121106	0.00892857	0.0119286	70	0	70	70	
3.15	3.2	1	1	1	4	3	186	3	186	0.0119286	0	0.0119286	0.0119286	62	0	62	62	
3.2	3.25	1	1	1	4	10	596	8	488	0.0111786	0.000707107	0.00992857	0.0119286	61	2.82843	54	62	
3.25	3.3	1	1	1	4	4	216	6	324	0.0112619	0.000816497	0.00992857	0.0119286	54	0	54	54	
3.3	3.35	1	1	1	4	9	534	9	534	0.0112619	0.000707107	0.00992857	0.0119286	59.3333	4	54	62	
3.35	3.4	1	1	1	4	8	464	4	216	0.0109286	0.0011547	0.00992857	0.0119286	54	0	54	54	
3.4	3.45	1	1	1	4	4	232	8	480	0.0113036	0.000744024	0.00992857	0.0119286	60	3.70328	54	62	
