% start	end	CellId	IMSI	RNTI	LCID	nTxPDUs	TxBytes	nRxPDUs	RxBytes	delay	stdDev	min	max	PduSize	stdDev	min	max
0.1	0.15	1	1	1	4	3	545	3	545	0.00471429	0	0.00471429	0.00471429	181.667	129.624	60	318	
0.15	0.2	1	1	1	4	2	430	2	430	0.00471429	0	0.00471429	0.00471429	215	202.233	72	358	
3.15	3.2	1	1	1	4	2	192	2	192	0.00471429	0	0.00471429	0.00471429	96	45.2548	64	128	
3.2	3.25	1	1	1	4	3	502	3	502	0.00471429	0	0.00471429	0.00471429	167.333	34.2977	128	191	
3.25	3.3	1	1	1	4	3	336	3	336	0.00471429	0	0.00471429	0.00471429	112	0	112	112	
3.3	3.35	1	1	1	4	4	552	4	552	0.00471429	0	0.00471429	0.00471429	138	31.7595	112	183	
3.35	3.4	1	1	1	4	4	481	2	224	0.00471429	0	0.00471429	0.00471429	112	0	112	112	
3.4	3.45	1	1	1	4	2	239	4	496	0.00471429	0	0.00471429	0.00471429	124	94.4634	32	225	
