% start	end	CellId	IMSI	RNTI	LCID	nTxPDUs	TxBytes	nRxPDUs	RxBytes	delay	stdDev	min	max	PduSize	stdDev	min	max
0.1	0.15	1	1	1	4	4	236	2	112	0.0119286	0	0.0119286	0.0119286	56	2.82843	54	58	
0.15	0.2	1	1	1	4	11	674	9	558	0.0108175	0.00105409	0.00892857	0.0119286	62	0	62	62	
0.2	0.25	1	1	1	4	1	62	5	302	0.0107286	0.00130384	0.00892857	0.0119286	60.4	3.57771	54	62	
1.2	1.25	1	1	1	4	3	162	2	108	0.0119286	0	0.0119286	0.0119286	54	0	54	54	
1.25	1.3	1	1	1	4	0	0	1	54	0.0119286	0	0.0119286	0.0119286	54	0	54	54	
