% start	end	CellId	IMSI	RNTI	LCID	nTxPDUs	TxBytes	nRxPDUs	RxBytes	delay	stdDev	min	max	PduSize	stdDev	min	max
0.1	0.15	1	1	1	4	2	116	2	116	0.00471429	0	0.00471429	0.00471429	58	2.82843	56	60	
0.15	0.2	1	1	1	4	5	578	5	578	0.00471429	0	0.00471429	0.00471429	115.6	34.0632	56	137	
0.2	0.25	1	1	1	4	3	313	3	313	0.00471429	0	0.00471429	0.00471429	104.333	37.099	64	137	
1.2	1.25	1	1	1	4	2	112	2	112	0.00471429	0	0.00471429	0.00471429	56	0	56	56	
1.25	1.3	1	1	1	4	1	56	1	56	0.00471429	0	0.00471429	0.00471429	56	0	56	56	
