% start	end	CellId	IMSI	RNTI	LCID	nTxPDUs	TxBytes	nRxPDUs	RxBytes	delay	stdDev	min	max	PduSize	stdDev	min	max
0.1	0.15	1	1	1	4	2	112	1	58	0.0239286	0	0.0239286	0.0239286	58	0	58	58	
0.15	0.2	1	1	1	4	0	0	1	54	0.0119286	0	0.0119286	0.0119286	54	0	54	54	
