% start	end	CellId	IMSI	RNTI	LCID	nTxPDUs	TxBytes	nRxPDUs	RxBytes	delay	stdDev	min	max	PduSize	stdDev	min	max
0.1	0.15	1	1	5	4	1	58	0	0	0	0	0	0	0	0	0	0	
0.1	0.15	1	2	2	4	1	58	0	0	0	0	0	0	0	0	0	0	
0.1	0.15	1	3	4	4	1	58	1	58	0.0219286	0	0.0219286	0.0219286	58	0	58	58	
0.1	0.15	1	4	1	4	1	58	0	0	0	0	0	0	0	0	0	0	
0.1	0.15	1	5	3	4	1	58	1	58	0.0129286	0	0.0129286	0.0129286	58	0	58	58	
0.2	0.25	1	1	5	4	0	0	1	58	0.107929	0	0.107929	0.107929	58	0	58	58	
0.2	0.25	1	2	2	4	0	0	1	58	0.141929	0	0.141929	0.141929	58	0	58	58	
2.35	2.4	1	4	1	4	0	0	1	58	2.26393	0	2.26393	2.26393	58	0	58	58	
