% start	end	CellId	IMSI	RNTI	LCID	nTxPDUs	TxBytes	nRxPDUs	RxBytes	delay	stdDev	min	max	PduSize	stdDev	min	max
0.1	0.15	1	1	1	4	1	58	0	0	0	0	0	0	0	0	0	0	
3.1	3.15	1	1	1	4	1	58	2	116	1.52393	2.12132	0.0239286	3.02393	58	0	58	58	
3.2	3.25	1	1	1	4	1	58	0	0	0	0	0	0	0	0	0	0	
5.4	5.45	1	1	1	4	0	0	1	58	2.22993	0	2.22993	2.22993	58	0	58	58	
