% start	end	CellId	IMSI	RNTI	LCID	nTxPDUs	TxBytes	nRxPDUs	RxBytes	delay	stdDev	min	max	PduSize	stdDev	min	max
3.1	3.15	1	1	1	4	1	120	1	120	0.00471429	0	0.00471429	0.00471429	120	0	120	120	
5.4	5.45	1	1	1	4	1	60	1	60	0.00471429	0	0.00471429	0.00471429	60	0	60	60	
