% start	end	CellId	IMSI	RNTI	LCID	nTxPDUs	TxBytes	nRxPDUs	RxBytes	delay	stdDev	min	max	PduSize	stdDev	min	max
0.1	0.15	1	1	1	4	3	166	1	58	0.0119286	0	0.0119286	0.0119286	58	0	58	58	
0.15	0.2	1	1	1	4	0	0	2	108	0.0409286	0.00282843	0.0389286	0.0429286	54	0	54	54	
