% start	end	CellId	IMSI	RNTI	LCID	nTxPDUs	TxBytes	nRxPDUs	RxBytes	delay	stdDev	min	max	PduSize	stdDev	min	max
0.1	0.15	1	1	1	4	1	58	0	0	0	0	0	0	0	0	0	0	
0.1	0.15	1	2	2	4	1	58	0	0	0	0	0	0	0	0	0	0	
0.2	0.25	1	1	1	4	0	0	1	58	0.103929	0	0.103929	0.103929	58	0	58	58	
3.1	3.15	1	2	2	4	1	58	0	0	0	0	0	0	0	0	0	0	
3.2	3.25	1	2	2	4	1	58	0	0	0	0	0	0	0	0	0	0	
3.25	3.3	1	1	1	4	1	54	0	0	0	0	0	0	0	0	0	0	
3.25	3.3	1	2	2	4	0	0	3	174	1.14626	1.77016	0.0609286	3.18893	58	0	58	58	
3.55	3.6	1	1	1	4	0	0	1	54	0.286929	0	0.286929	0.286929	54	0	54	54	
