% start	end	CellId	IMSI	RNTI	LCID	nTxPDUs	TxBytes	nRxPDUs	RxBytes	delay	stdDev	min	max	PduSize	stdDev	min	max
0.2	0.25	1	1	1	4	1	60	1	60	0.00471429	0	0.00471429	0.00471429	60	0	60	60	
3.25	3.3	1	2	2	4	2	182	2	182	0.00471429	0	0.00471429	0.00471429	91	19.799	77	105	
3.55	3.6	1	1	1	4	1	56	1	56	0.00471429	0	0.00471429	0.00471429	56	0	56	56	
