% start	end	CellId	IMSI	RNTI	LCID	nTxPDUs	TxBytes	nRxPDUs	RxBytes	delay	stdDev	min	max	PduSize	stdDev	min	max
0.1	0.15	1	1	1	4	1	58	0	0	0	0	0	0	0	0	0	0	
3.1	3.15	1	1	1	4	1	58	0	0	0	0	0	0	0	0	0	0	
3.15	3.2	1	1	1	4	1	58	0	0	0	0	0	0	0	0	0	0	
8.8	8.85	1	1	1	4	0	0	3	174	6.67626	1.7565	5.62093	8.70393	58	0	58	58	
