% start	end	CellId	IMSI	RNTI	LCID	nTxPDUs	TxBytes	nRxPDUs	RxBytes	delay	stdDev	min	max	PduSize	stdDev	min	max
0.1	0.15	1	1	2	4	1	60	1	60	0.00471429	0	0.00471429	0.00471429	60	0	60	60	
0.1	0.15	1	2	4	4	1	60	1	60	0.00471429	0	0.00471429	0.00471429	60	0	60	60	
0.1	0.15	1	3	3	4	2	62	2	62	0.00471429	0	0.00471429	0.00471429	31	28.2843	11	51	
0.1	0.15	1	5	1	4	1	60	1	60	0.00471429	0	0.00471429	0.00471429	60	0	60	60	
0.25	0.3	1	4	6	4	1	60	1	60	0.00471429	0	0.00471429	0.00471429	60	0	60	60	
3.2	3.25	1	1	2	4	1	56	1	56	0.00471429	0	0.00471429	0.00471429	56	0	56	56	
