% start	end	CellId	IMSI	RNTI	LCID	nTxPDUs	TxBytes	nRxPDUs	RxBytes	delay	stdDev	min	max	PduSize	stdDev	min	max
0.1	0.15	1	1	2	4	2	62	2	62	0.00471429	0	0.00471429	0.00471429	31	28.2843	11	51	
0.1	0.15	1	2	1	4	1	60	1	60	0.00471429	0	0.00471429	0.00471429	60	0	60	60	
0.1	0.15	1	3	3	4	2	116	1	60	0.00471429	0	0.00471429	0.00471429	60	0	60	60	
0.1	0.15	1	4	4	4	1	60	1	60	0.00471429	0	0.00471429	0.00471429	60	0	60	60	
0.15	0.2	1	5	6	4	1	60	1	60	0.00471429	0	0.00471429	0.00471429	60	0	60	60	
0.15	0.2	1	3	3	4	0	0	1	56	0.00471429	0	0.00471429	0.00471429	56	0	56	56	
0.3	0.35	1	3	3	4	1	56	0	0	0	0	0	0	0	0	0	0	
0.35	0.4	1	3	3	4	0	0	1	56	0.00471429	0	0.00471429	0.00471429	56	0	56	56	
3.55	3.6	1	3	3	4	1	56	1	56	0.00471429	0	0.00471429	0.00471429	56	0	56	56	
