% start	end	CellId	IMSI	RNTI	LCID	nTxPDUs	TxBytes	nRxPDUs	RxBytes	delay	stdDev	min	max	PduSize	stdDev	min	max
0.1	0.15	1	1	1	4	3	166	3	166	0.0112619	0.0011547	0.00992857	0.0119286	55.3333	2.3094	54	58	
0.1	0.15	1	2	2	4	2	112	2	112	0.0119286	0	0.0119286	0.0119286	56	2.82843	54	58	
0.3	0.35	1	1	1	4	1	54	0	0	0	0	0	0	0	0	0	0	
0.3	0.35	1	2	2	4	1	54	1	54	0.0119286	0	0.0119286	0.0119286	54	0	54	54	
0.35	0.4	1	1	1	4	0	0	1	54	0.0419286	0	0.0419286	0.0419286	54	0	54	54	
1.55	1.6	1	2	2	4	1	54	1	54	0.0119286	0	0.0119286	0.0119286	54	0	54	54	
