% start	end	CellId	IMSI	RNTI	LCID	nTxPDUs	TxBytes	nRxPDUs	RxBytes	delay	stdDev	min	max	PduSize	stdDev	min	max
0.1	0.15	1	1	1	4	1	58	0	0	0	0	0	0	0	0	0	0	
0.1	0.15	1	2	2	4	1	58	0	0	0	0	0	0	0	0	0	0	
0.35	0.4	1	2	2	4	0	0	1	58	0.263929	0	0.263929	0.263929	58	0	58	58	
2.1	2.15	1	1	1	4	0	0	1	58	2.02393	0	2.02393	2.02393	58	0	58	58	
