% start	end	CellId	IMSI	RNTI	LCID	nTxPDUs	TxBytes	nRxPDUs	RxBytes	delay	stdDev	min	max	PduSize	stdDev	min	max
0.1	0.15	1	1	2	4	2	62	2	62	0.00471429	0	0.00471429	0.00471429	31	14.1421	21	41	
0.4	0.45	1	2	1	4	2	116	2	116	0.00471429	0	0.00471429	0.00471429	58	2.82843	56	60	
1.7	1.75	1	2	1	4	1	56	1	56	0.00471429	0	0.00471429	0.00471429	56	0	56	56	
4.95	5	1	2	1	4	1	56	1	56	0.00471429	0	0.00471429	0.00471429	56	0	56	56	
