% start	end	CellId	IMSI	RNTI	LCID	nTxPDUs	TxBytes	nRxPDUs	RxBytes	delay	stdDev	min	max	PduSize	stdDev	min	max
0.1	0.15	1	1	3	4	5	68	5	68	0.00471429	0	0.00471429	0.00471429	13.6	3.1305	8	15	
0.1	0.15	1	2	4	4	5	68	5	68	0.00471429	0	0.00471429	0.00471429	13.6	3.1305	8	15	
0.25	0.3	1	4	2	4	1	60	1	60	0.00471429	0	0.00471429	0.00471429	60	0	60	60	
0.4	0.45	1	3	6	4	1	60	0	0	0	0	0	0	0	0	0	0	
0.45	0.5	1	3	6	4	0	0	1	60	0.00471429	0	0.00471429	0.00471429	60	0	60	60	
5.85	5.9	1	5	1	4	1	179	1	179	0.00471429	0	0.00471429	0.00471429	179	0	179	179	
