% start	end	CellId	IMSI	RNTI	LCID	nTxPDUs	TxBytes	nRxPDUs	RxBytes	delay	stdDev	min	max	PduSize	stdDev	min	max
0.1	0.15	1	1	2	4	1	58	0	0	0	0	0	0	0	0	0	0	
0.1	0.15	1	2	1	4	1	58	0	0	0	0	0	0	0	0	0	0	
0.2	0.25	1	1	2	4	0	0	1	58	0.0779286	0	0.0779286	0.0779286	58	0	58	58	
1.7	1.75	1	2	1	4	0	0	1	58	1.62393	0	1.62393	1.62393	58	0	58	58	
