% start	end	CellId	IMSI	RNTI	LCID	nTxPDUs	TxBytes	nRxPDUs	RxBytes	delay	stdDev	min	max	PduSize	stdDev	min	max
0.1	0.15	1	1	2	4	1	58	0	0	0	0	0	0	0	0	0	0	
0.1	0.15	1	2	1	4	1	58	0	0	0	0	0	0	0	0	0	0	
0.2	0.25	1	2	1	4	0	0	1	58	0.143929	0	0.143929	0.143929	58	0	58	58	
3.1	3.15	1	1	2	4	1	58	0	0	0	0	0	0	0	0	0	0	
3.2	3.25	1	1	2	4	1	58	0	0	0	0	0	0	0	0	0	0	
6.45	6.5	1	1	2	4	0	0	3	174	4.3496	1.76345	3.27893	6.38493	58	0	58	58	
