% start	end	CellId	IMSI	RNTI	LCID	nTxPDUs	TxBytes	nRxPDUs	RxBytes	delay	stdDev	min	max	PduSize	stdDev	min	max
0.1	0.15	1	1	4	4	1	60	1	60	0.00471429	0	0.00471429	0.00471429	60	0	60	60	
0.1	0.15	1	3	1	4	2	62	2	62	0.00471429	0	0.00471429	0.00471429	31	28.2843	11	51	
0.2	0.25	1	2	3	4	3	64	2	52	0.00471429	0	0.00471429	0.00471429	26	0	26	26	
0.25	0.3	1	2	3	4	0	0	1	12	0.00471429	0	0.00471429	0.00471429	12	0	12	12	
0.45	0.5	1	5	2	4	1	60	1	60	0.00471429	0	0.00471429	0.00471429	60	0	60	60	
3.3	3.35	1	4	6	4	5	188	5	188	0.00471429	0	0.00471429	0.00471429	37.6	7.60263	24	41	
4.9	4.95	1	2	3	4	1	60	1	60	0.00471429	0	0.00471429	0.00471429	60	0	60	60	
