% start	end	CellId	IMSI	RNTI	LCID	nTxPDUs	TxBytes	nRxPDUs	RxBytes	delay	stdDev	min	max	PduSize	stdDev	min	max
0.1	0.15	1	2	6	4	5	68	5	68	0.00471429	0	0.00471429	0.00471429	13.6	3.1305	8	15	
0.1	0.15	1	5	2	4	5	68	5	68	0.00471429	0	0.00471429	0.00471429	13.6	3.1305	8	15	
0.15	0.2	1	4	3	4	3	64	3	64	0.00471429	0	0.00471429	0.00471429	21.3333	8.0829	12	26	
0.2	0.25	1	1	4	4	1	60	1	60	0.00471429	0	0.00471429	0.00471429	60	0	60	60	
4.55	4.6	1	3	1	4	2	181	2	181	0.00471429	0	0.00471429	0.00471429	90.5	65.7609	44	137	
