% start	end	CellId	IMSI	RNTI	LCID	nTxPDUs	TxBytes	nRxPDUs	RxBytes	delay	stdDev	min	max	PduSize	stdDev	min	max
0.1	0.15	1	1	2	4	1	58	0	0	0	0	0	0	0	0	0	0	
0.1	0.15	1	2	1	4	1	58	0	0	0	0	0	0	0	0	0	0	
0.15	0.2	1	2	1	4	0	0	1	58	0.0639286	0	0.0639286	0.0639286	58	0	58	58	
1.2	1.25	1	1	2	4	0	0	1	58	1.10493	0	1.10493	1.10493	58	0	58	58	
