% start	end	CellId	IMSI	RNTI	LCID	nTxPDUs	TxBytes	nRxPDUs	RxBytes	delay	stdDev	min	max	PduSize	stdDev	min	max
0.15	0.2	1	2	1	4	1	60	1	60	0.00471429	0	0.00471429	0.00471429	60	0	60	60	
1.2	1.25	1	1	2	4	1	60	1	60	0.00471429	0	0.00471429	0.00471429	60	0	60	60	
