% start	end	CellId	IMSI	RNTI	LCID	nTxPDUs	TxBytes	nRxPDUs	RxBytes	delay	stdDev	min	max	PduSize	stdDev	min	max
0.1	0.15	1	1	2	4	5	290	3	166	0.0115952	0.00057735	0.0109286	0.0119286	55.3333	2.3094	54	58	
0.1	0.15	1	2	1	4	3	166	3	166	0.0109286	0.00173205	0.00892857	0.0119286	55.3333	2.3094	54	58	
0.15	0.2	1	1	2	4	3	210	5	334	0.0111286	0.00083666	0.00992857	0.0119286	66.8	4.38178	62	70	
3.1	3.15	1	1	2	4	1	70	0	0	0	0	0	0	0	0	0	0	
3.15	3.2	1	1	2	4	0	0	1	70	0.0119286	0	0.0119286	0.0119286	70	0	70	70	
3.3	3.35	1	2	1	4	1	54	0	0	0	0	0	0	0	0	0	0	
3.35	3.4	1	2	1	4	0	0	1	54	0.0119286	0	0.0119286	0.0119286	54	0	54	54	
6.15	6.2	1	1	2	4	1	70	1	70	0.0119286	0	0.0119286	0.0119286	70	0	70	70	
