% start	end	CellId	IMSI	RNTI	LCID	nTxPDUs	TxBytes	nRxPDUs	RxBytes	delay	stdDev	min	max	PduSize	stdDev	min	max
0.1	0.15	1	1	2	4	2	172	2	172	0.00471429	0	0.00471429	0.00471429	86	36.7696	60	112	
0.1	0.15	1	2	1	4	2	172	2	172	0.00471429	0	0.00471429	0.00471429	86	36.7696	60	112	
0.15	0.2	1	1	2	4	2	343	2	343	0.00471429	0	0.00471429	0.00471429	171.5	61.5183	128	215	
3.15	3.2	1	1	2	4	1	72	1	72	0.00471429	0	0.00471429	0.00471429	72	0	72	72	
3.35	3.4	1	2	1	4	1	56	1	56	0.00471429	0	0.00471429	0.00471429	56	0	56	56	
6.15	6.2	1	1	2	4	1	72	1	72	0.00471429	0	0.00471429	0.00471429	72	0	72	72	
