% start	end	CellId	IMSI	RNTI	LCID	nTxPDUs	TxBytes	nRxPDUs	RxBytes	delay	stdDev	min	max	PduSize	stdDev	min	max
0.1	0.15	1	1	4	4	1	58	0	0	0	0	0	0	0	0	0	0	
0.1	0.15	1	2	3	4	1	58	1	58	0.0259286	0	0.0259286	0.0259286	58	0	58	58	
0.1	0.15	1	4	1	4	1	58	1	58	0.0249286	0	0.0249286	0.0249286	58	0	58	58	
0.1	0.15	1	5	6	4	1	58	1	58	0.0119286	0	0.0119286	0.0119286	58	0	58	58	
0.25	0.3	1	3	2	4	1	58	0	0	0	0	0	0	0	0	0	0	
0.35	0.4	1	1	4	4	0	0	1	58	0.253929	0	0.253929	0.253929	58	0	58	58	
3.15	3.2	1	3	2	4	1	58	0	0	0	0	0	0	0	0	0	0	
3.25	3.3	1	3	2	4	1	58	0	0	0	0	0	0	0	0	0	0	
4.45	4.5	1	3	2	4	0	0	3	174	2.2496	1.70364	1.21593	4.21593	58	0	58	58	
