% start	end	CellId	IMSI	RNTI	LCID	nTxPDUs	TxBytes	nRxPDUs	RxBytes	delay	stdDev	min	max	PduSize	stdDev	min	max
0.1	0.15	1	2	3	4	2	62	2	62	0.00471429	0	0.00471429	0.00471429	31	14.1421	21	41	
0.1	0.15	1	4	1	4	2	62	2	62	0.00471429	0	0.00471429	0.00471429	31	14.1421	21	41	
0.1	0.15	1	5	6	4	2	62	2	62	0.00471429	0	0.00471429	0.00471429	31	14.1421	21	41	
0.35	0.4	1	1	4	4	2	62	2	62	0.00471429	0	0.00471429	0.00471429	31	14.1421	21	41	
4.45	4.5	1	3	2	4	2	181	2	181	0.00471429	0	0.00471429	0.00471429	90.5	65.7609	44	137	
