% start	end	CellId	IMSI	RNTI	LCID	nTxPDUs	TxBytes	nRxPDUs	RxBytes	delay	stdDev	min	max	PduSize	stdDev	min	max
0.1	0.15	1	1	1	4	2	112	1	58	0.0239286	0	0.0239286	0.0239286	58	0	58	58	
0.15	0.2	1	1	1	4	4	248	3	178	0.0115952	0.00057735	0.0109286	0.0119286	59.3333	4.6188	54	62	
0.3	0.35	1	1	1	4	0	0	2	124	0.156429	0.000707107	0.155929	0.156929	62	0	62	62	
