% start	end	CellId	IMSI	RNTI	LCID	nTxPDUs	TxBytes	nRxPDUs	RxBytes	delay	stdDev	min	max	PduSize	stdDev	min	max
0.1	0.15	1	1	1	4	1	58	1	58	0.0119286	0	0.0119286	0.0119286	58	0	58	58	
0.1	0.15	1	2	2	4	1	58	0	0	0	0	0	0	0	0	0	0	
3.1	3.15	1	2	2	4	1	58	0	0	0	0	0	0	0	0	0	0	
3.3	3.35	1	2	2	4	1	58	0	0	0	0	0	0	0	0	0	0	
4.75	4.8	1	2	2	4	0	0	3	174	2.59826	1.79258	1.46493	4.66493	58	0	58	58	
