% start	end	CellId	IMSI	RNTI	LCID	nTxPDUs	TxBytes	nRxPDUs	RxBytes	delay	stdDev	min	max	PduSize	stdDev	min	max
0.1	0.15	1	1	1	4	2	62	2	62	0.00471429	0	0.00471429	0.00471429	31	14.1421	21	41	
4.75	4.8	1	2	2	4	3	184	3	184	0.00471429	0	0.00471429	0.00471429	61.3333	40.9919	14	85	
