% start	end	CellId	IMSI	RNTI	LCID	nTxPDUs	TxBytes	nRxPDUs	RxBytes	delay	stdDev	min	max	PduSize	stdDev	min	max
0.1	0.15	1	1	2	4	1	58	0	0	0	0	0	0	0	0	0	0	
0.1	0.15	1	2	1	4	1	58	0	0	0	0	0	0	0	0	0	0	
0.2	0.25	1	2	1	4	0	0	1	58	0.143929	0	0.143929	0.143929	58	0	58	58	
1.25	1.3	1	2	1	4	1	54	0	0	0	0	0	0	0	0	0	0	
1.3	1.35	1	1	2	4	0	0	1	58	1.22493	0	1.22493	1.22493	58	0	58	58	
1.65	1.7	1	2	1	4	0	0	1	54	0.412929	0	0.412929	0.412929	54	0	54	54	
