% start	end	CellId	IMSI	RNTI	LCID	nTxPDUs	TxBytes	nRxPDUs	RxBytes	delay	stdDev	min	max	PduSize	stdDev	min	max
0.2	0.25	1	2	1	4	1	60	1	60	0.00471429	0	0.00471429	0.00471429	60	0	60	60	
1.3	1.35	1	1	2	4	2	62	2	62	0.00471429	0	0.00471429	0.00471429	31	14.1421	21	41	
1.65	1.7	1	2	1	4	1	56	1	56	0.00471429	0	0.00471429	0.00471429	56	0	56	56	
