% start	end	CellId	IMSI	RNTI	LCID	nTxPDUs	TxBytes	nRxPDUs	RxBytes	delay	stdDev	min	max	PduSize	stdDev	min	max
0.1	0.15	1	1	2	4	1	58	0	0	0	0	0	0	0	0	0	0	
0.1	0.15	1	2	4	4	1	58	0	0	0	0	0	0	0	0	0	0	
0.1	0.15	1	3	1	4	1	58	1	58	0.0239286	0	0.0239286	0.0239286	58	0	58	58	
0.1	0.15	1	4	3	4	1	58	1	58	0.0139286	0	0.0139286	0.0139286	58	0	58	58	
0.1	0.15	1	5	6	4	1	58	0	0	0	0	0	0	0	0	0	0	
0.25	0.3	1	2	4	4	0	0	1	58	0.183929	0	0.183929	0.183929	58	0	58	58	
0.25	0.3	1	5	6	4	0	0	1	58	0.187929	0	0.187929	0.187929	58	0	58	58	
1.7	1.75	1	1	2	4	0	0	1	58	1.62193	0	1.62193	1.62193	58	0	58	58	
