% start	end	CellId	IMSI	RNTI	LCID	nTxPDUs	TxBytes	nRxPDUs	RxBytes	delay	stdDev	min	max	PduSize	stdDev	min	max
0.1	0.15	1	3	1	4	2	62	2	62	0.00471429	0	0.00471429	0.00471429	31	28.2843	11	51	
0.1	0.15	1	4	3	4	3	64	3	64	0.00471429	0	0.00471429	0.00471429	21.3333	8.0829	12	26	
0.25	0.3	1	2	4	4	2	62	2	62	0.00471429	0	0.00471429	0.00471429	31	14.1421	21	41	
0.25	0.3	1	5	6	4	2	62	2	62	0.00471429	0	0.00471429	0.00471429	31	14.1421	21	41	
1.7	1.75	1	1	2	4	1	60	1	60	0.00471429	0	0.00471429	0.00471429	60	0	60	60	
