% start	end	CellId	IMSI	RNTI	LCID	nTxPDUs	TxBytes	nRxPDUs	RxBytes	delay	stdDev	min	max	PduSize	stdDev	min	max
0.1	0.15	1	1	2	4	1	58	0	0	0	0	0	0	0	0	0	0	
0.1	0.15	1	2	1	4	1	58	0	0	0	0	0	0	0	0	0	0	
0.2	0.25	1	1	2	4	0	0	1	58	0.104929	0	0.104929	0.104929	58	0	58	58	
3.1	3.15	1	2	1	4	1	58	0	0	0	0	0	0	0	0	0	0	
3.15	3.2	1	2	1	4	1	58	0	0	0	0	0	0	0	0	0	0	
4	4.05	1	2	1	4	0	0	3	174	1.87926	1.7538	0.829929	3.90393	58	0	58	58	
