% start	end	CellId	IMSI	RNTI	LCID	nTxPDUs	TxBytes	nRxPDUs	RxBytes	delay	stdDev	min	max	PduSize	stdDev	min	max
0.1	0.15	1	1	2	4	2	112	1	58	0.0119286	0	0.0119286	0.0119286	58	0	58	58	
0.1	0.15	1	2	1	4	1	58	1	58	0.0389286	0	0.0389286	0.0389286	58	0	58	58	
0.2	0.25	1	1	2	4	0	0	1	54	0.0779286	0	0.0779286	0.0779286	54	0	54	54	
3.15	3.2	1	2	1	4	1	54	1	54	0.0119286	0	0.0119286	0.0119286	54	0	54	54	
