% start	end	CellId	IMSI	RNTI	LCID	nTxPDUs	TxBytes	nRxPDUs	RxBytes	delay	stdDev	min	max	PduSize	stdDev	min	max
0.15	0.2	1	1	1	4	2	62	2	62	0.00471429	0	0.00471429	0.00471429	31	1.41421	30	32	
0.15	0.2	1	4	2	4	2	62	2	62	0.00471429	0	0.00471429	0.00471429	31	14.1421	21	41	
0.25	0.3	1	3	3	4	3	64	3	64	0.00471429	0	0.00471429	0.00471429	21.3333	8.0829	12	26	
0.4	0.45	1	2	6	4	2	62	2	62	0.00471429	0	0.00471429	0.00471429	31	14.1421	21	41	
5.5	5.55	1	5	4	4	3	184	3	184	0.00471429	0	0.00471429	0.00471429	61.3333	40.9919	14	85	
