% start	end	CellId	IMSI	RNTI	LCID	nTxPDUs	TxBytes	nRxPDUs	RxBytes	delay	stdDev	min	max	PduSize	stdDev	min	max
0.1	0.15	1	1	3	4	1	58	1	58	0.0129286	0	0.0129286	0.0129286	58	0	58	58	
0.1	0.15	1	2	6	4	1	58	0	0	0	0	0	0	0	0	0	0	
0.1	0.15	1	3	4	4	1	58	1	58	0.0129286	0	0.0129286	0.0129286	58	0	58	58	
0.1	0.15	1	4	1	4	1	58	1	58	0.0119286	0	0.0119286	0.0119286	58	0	58	58	
0.1	0.15	1	5	2	4	1	58	0	0	0	0	0	0	0	0	0	0	
0.15	0.2	1	5	2	4	0	0	1	58	0.0649286	0	0.0649286	0.0649286	58	0	58	58	
1.85	1.9	1	2	6	4	0	0	1	58	1.78793	0	1.78793	1.78793	58	0	58	58	
