% start	end	CellId	IMSI	RNTI	LCID	nTxPDUs	TxBytes	nRxPDUs	RxBytes	delay	stdDev	min	max	PduSize	stdDev	min	max
0.1	0.15	1	1	5	4	2	62	2	62	0.00471429	0	0.00471429	0.00471429	31	1.41421	30	32	
0.2	0.25	1	2	2	4	4	66	4	66	0.00471429	0	0.00471429	0.00471429	16.5	5	9	19	
0.2	0.25	1	4	3	4	2	62	2	62	0.00471429	0	0.00471429	0.00471429	31	1.41421	30	32	
0.3	0.35	1	3	4	4	2	62	2	62	0.00471429	0	0.00471429	0.00471429	31	14.1421	21	41	
