% start	end	CellId	IMSI	RNTI	LCID	nTxPDUs	TxBytes	nRxPDUs	RxBytes	delay	stdDev	min	max	PduSize	stdDev	min	max
0.1	0.15	1	2	3	4	2	62	2	62	0.00471429	0	0.00471429	0.00471429	31	14.1421	21	41	
0.15	0.2	1	3	2	4	1	60	1	60	0.00471429	0	0.00471429	0.00471429	60	0	60	60	
0.15	0.2	1	5	1	4	2	62	2	62	0.00471429	0	0.00471429	0.00471429	31	14.1421	21	41	
0.35	0.4	1	1	4	4	2	62	2	62	0.00471429	0	0.00471429	0.00471429	31	14.1421	21	41	
1.15	1.2	1	4	6	4	1	60	1	60	0.00471429	0	0.00471429	0.00471429	60	0	60	60	
3.5	3.55	1	1	4	4	1	60	1	60	0.00471429	0	0.00471429	0.00471429	60	0	60	60	
9.4	9.45	1	1	4	4	1	60	0	0	0	0	0	0	0	0	0	0	
9.45	9.5	1	1	4	4	0	0	1	60	0.00471429	0	0.00471429	0.00471429	60	0	60	60	
