% start	end	CellId	IMSI	RNTI	LCID	nTxPDUs	TxBytes	nRxPDUs	RxBytes	delay	stdDev	min	max	PduSize	stdDev	min	max
0.1	0.15	1	1	1	4	1	58	1	58	0.0239286	0	0.0239286	0.0239286	58	0	58	58	
0.1	0.15	1	2	2	4	1	58	0	0	0	0	0	0	0	0	0	0	
3.1	3.15	1	2	2	4	1	58	0	0	0	0	0	0	0	0	0	0	
3.2	3.25	1	2	2	4	1	58	0	0	0	0	0	0	0	0	0	0	
7.65	7.7	1	2	2	4	0	0	3	174	5.53926	1.77292	4.44793	7.58493	58	0	58	58	
