% start	end	CellId	IMSI	RNTI	LCID	nTxPDUs	TxBytes	nRxPDUs	RxBytes	delay	stdDev	min	max	PduSize	stdDev	min	max
0.1	0.15	1	1	6	4	1	58	0	0	0	0	0	0	0	0	0	0	
0.1	0.15	1	2	3	4	1	58	0	0	0	0	0	0	0	0	0	0	
0.1	0.15	1	3	2	4	1	58	1	58	0.0129286	0	0.0129286	0.0129286	58	0	58	58	
0.1	0.15	1	4	1	4	1	58	0	0	0	0	0	0	0	0	0	0	
0.1	0.15	1	5	4	4	1	58	1	58	0.0149286	0	0.0149286	0.0149286	58	0	58	58	
0.15	0.2	1	4	1	4	0	0	1	58	0.0609286	0	0.0609286	0.0609286	58	0	58	58	
0.4	0.45	1	1	6	4	0	0	1	58	0.307929	0	0.307929	0.307929	58	0	58	58	
1.85	1.9	1	2	3	4	0	0	1	58	1.78293	0	1.78293	1.78293	58	0	58	58	
