% start	end	CellId	IMSI	RNTI	LCID	nTxPDUs	TxBytes	nRxPDUs	RxBytes	delay	stdDev	min	max	PduSize	stdDev	min	max
0.1	0.15	1	1	1	4	1	58	1	58	0.0159286	0	0.0159286	0.0159286	58	0	58	58	
0.1	0.15	1	2	2	4	1	58	0	0	0	0	0	0	0	0	0	0	
3.1	3.15	1	2	2	4	1	58	2	116	1.52093	2.12132	0.0209286	3.02093	58	0	58	58	
3.2	3.25	1	2	2	4	1	58	0	0	0	0	0	0	0	0	0	0	
4	4.05	1	2	2	4	0	0	1	58	0.812929	0	0.812929	0.812929	58	0	58	58	
