% start	end	CellId	IMSI	RNTI	LCID	nTxPDUs	TxBytes	nRxPDUs	RxBytes	delay	stdDev	min	max	PduSize	stdDev	min	max
0.1	0.15	1	1	4	4	1	58	1	58	0.0119286	0	0.0119286	0.0119286	58	0	58	58	
0.1	0.15	1	2	3	4	1	58	1	58	0.0119286	0	0.0119286	0.0119286	58	0	58	58	
0.1	0.15	1	3	2	4	1	58	1	58	0.0119286	0	0.0119286	0.0119286	58	0	58	58	
0.1	0.15	1	4	6	4	1	58	1	58	0.0289286	0	0.0289286	0.0289286	58	0	58	58	
0.1	0.15	1	5	1	4	1	58	0	0	0	0	0	0	0	0	0	0	
0.2	0.25	1	5	1	4	0	0	1	58	0.103929	0	0.103929	0.103929	58	0	58	58	
3.1	3.15	1	1	4	4	1	58	1	58	0.0269286	0	0.0269286	0.0269286	58	0	58	58	
9.1	9.15	1	1	4	4	1	58	0	0	0	0	0	0	0	0	0	0	
9.25	9.3	1	1	4	4	0	0	1	58	0.146929	0	0.146929	0.146929	58	0	58	58	
