% start	end	CellId	IMSI	RNTI	LCID	nTxPDUs	TxBytes	nRxPDUs	RxBytes	delay	stdDev	min	max	PduSize	stdDev	min	max
0.1	0.15	1	1	1	4	1	58	1	58	0.0119286	0	0.0119286	0.0119286	58	0	58	58	
0.1	0.15	1	2	4	4	1	58	0	0	0	0	0	0	0	0	0	0	
0.1	0.15	1	3	2	4	1	58	0	0	0	0	0	0	0	0	0	0	
0.1	0.15	1	4	3	4	1	58	1	58	0.0139286	0	0.0139286	0.0139286	58	0	58	58	
0.1	0.15	1	5	6	4	1	58	1	58	0.0119286	0	0.0119286	0.0119286	58	0	58	58	
0.3	0.35	1	3	2	4	0	0	1	58	0.224929	0	0.224929	0.224929	58	0	58	58	
0.45	0.5	1	2	4	4	0	0	1	58	0.346929	0	0.346929	0.346929	58	0	58	58	
