% start	end	CellId	IMSI	RNTI	LCID	nTxPDUs	TxBytes	nRxPDUs	RxBytes	delay	stdDev	min	max	PduSize	stdDev	min	max
0.1	0.15	1	1	1	4	1	58	0	0	0	0	0	0	0	0	0	0	
0.1	0.15	1	3	2	4	1	58	1	58	0.0119286	0	0.0119286	0.0119286	58	0	58	58	
0.1	0.15	1	4	3	4	1	58	0	0	0	0	0	0	0	0	0	0	
0.1	0.15	1	5	4	4	1	58	0	0	0	0	0	0	0	0	0	0	
0.2	0.25	1	2	6	4	1	58	1	58	0.0119286	0	0.0119286	0.0119286	58	0	58	58	
0.2	0.25	1	1	1	4	0	0	1	58	0.143929	0	0.143929	0.143929	58	0	58	58	
0.3	0.35	1	5	4	4	0	0	1	58	0.201929	0	0.201929	0.201929	58	0	58	58	
1.25	1.3	1	2	6	4	1	54	1	54	0.0399286	0	0.0399286	0.0399286	54	0	54	54	
1.25	1.3	1	4	3	4	0	0	1	58	1.16093	0	1.16093	1.16093	58	0	58	58	
