% start	end	CellId	IMSI	RNTI	LCID	nTxPDUs	TxBytes	nRxPDUs	RxBytes	delay	stdDev	min	max	PduSize	stdDev	min	max
0.1	0.15	1	1	1	4	1	58	1	58	0.0119286	0	0.0119286	0.0119286	58	0	58	58	
0.1	0.15	1	2	2	4	1	58	0	0	0	0	0	0	0	0	0	0	
3.1	3.15	1	2	2	4	1	58	0	0	0	0	0	0	0	0	0	0	
3.2	3.25	1	2	2	4	1	58	0	0	0	0	0	0	0	0	0	0	
4.55	4.6	1	2	2	4	0	0	3	174	2.42293	1.76955	1.33893	4.46493	58	0	58	58	
9.1	9.15	1	2	2	4	1	58	0	0	0	0	0	0	0	0	0	0	
