% start	end	CellId	IMSI	RNTI	LCID	nTxPDUs	TxBytes	nRxPDUs	RxBytes	delay	stdDev	min	max	PduSize	stdDev	min	max
0.1	0.15	1	1	1	4	1	58	1	58	0.0119286	0	0.0119286	0.0119286	58	0	58	58	
7.1	7.15	1	1	1	4	1	54	0	0	0	0	0	0	0	0	0	0	
7.15	7.2	1	1	1	4	1	54	2	108	0.0299286	0.0254558	0.0119286	0.0479286	54	0	54	54	
