% start	end	CellId	IMSI	RNTI	LCID	nTxPDUs	TxBytes	nRxPDUs	RxBytes	delay	stdDev	min	max	PduSize	stdDev	min	max
0.1	0.15	1	1	3	4	2	62	2	62	0.00471429	0	0.00471429	0.00471429	31	14.1421	21	41	
0.1	0.15	1	2	1	4	1	60	1	60	0.00471429	0	0.00471429	0.00471429	60	0	60	60	
0.1	0.15	1	3	4	4	2	116	2	116	0.00471429	0	0.00471429	0.00471429	58	2.82843	56	60	
0.1	0.15	1	4	6	4	2	116	2	116	0.00471429	0	0.00471429	0.00471429	58	2.82843	56	60	
0.1	0.15	1	5	2	4	2	116	2	116	0.00471429	0	0.00471429	0.00471429	58	2.82843	56	60	
3.35	3.4	1	4	6	4	1	56	1	56	0.00471429	0	0.00471429	0.00471429	56	0	56	56	
7.1	7.15	1	2	1	4	1	56	0	0	0	0	0	0	0	0	0	0	
7.15	7.2	1	2	1	4	0	0	1	56	0.0117143	0	0.0117143	0.0117143	56	0	56	56	
7.35	7.4	1	5	2	4	1	56	1	56	0.00471429	0	0.00471429	0.00471429	56	0	56	56	
