% start	end	CellId	IMSI	RNTI	LCID	nTxPDUs	TxBytes	nRxPDUs	RxBytes	delay	stdDev	min	max	PduSize	stdDev	min	max
0.1	0.15	1	1	2	4	1	58	1	58	0.0249286	0	0.0249286	0.0249286	58	0	58	58	
0.1	0.15	1	2	1	4	1	58	1	58	0.0119286	0	0.0119286	0.0119286	58	0	58	58	
3.1	3.15	1	1	2	4	1	54	0	0	0	0	0	0	0	0	0	0	
3.15	3.2	1	1	2	4	0	0	1	54	0.0269286	0	0.0269286	0.0269286	54	0	54	54	
4.35	4.4	1	1	2	4	1	54	0	0	0	0	0	0	0	0	0	0	
4.4	4.45	1	1	2	4	0	0	1	54	0.0609286	0	0.0609286	0.0609286	54	0	54	54	
