% start	end	CellId	IMSI	RNTI	LCID	nTxPDUs	TxBytes	nRxPDUs	RxBytes	delay	stdDev	min	max	PduSize	stdDev	min	max
0.1	0.15	1	1	1	4	3	174	2	112	0.0119286	0	0.0119286	0.0119286	56	2.82843	54	58	
0.1	0.15	1	2	6	4	1	58	1	58	0.0119286	0	0.0119286	0.0119286	58	0	58	58	
0.1	0.15	1	3	4	4	1	58	0	0	0	0	0	0	0	0	0	0	
0.1	0.15	1	4	3	4	1	58	1	58	0.0259286	0	0.0259286	0.0259286	58	0	58	58	
0.15	0.2	1	1	1	4	1	70	2	132	0.0119286	0	0.0119286	0.0119286	66	5.65685	62	70	
0.15	0.2	1	5	2	4	1	58	1	58	0.0119286	0	0.0119286	0.0119286	58	0	58	58	
0.15	0.2	1	3	4	4	0	0	1	58	0.0669286	0	0.0669286	0.0669286	58	0	58	58	
3.15	3.2	1	3	4	4	1	54	0	0	0	0	0	0	0	0	0	0	
3.2	3.25	1	3	4	4	0	0	1	54	0.0249286	0	0.0249286	0.0249286	54	0	54	54	
