% start	end	CellId	IMSI	RNTI	LCID	nTxPDUs	TxBytes	nRxPDUs	RxBytes	delay	stdDev	min	max	PduSize	stdDev	min	max
0.1	0.15	1	1	1	4	3	118	3	118	0.00471429	0	0.00471429	0.00471429	39.3333	24.6644	11	56	
0.1	0.15	1	2	6	4	1	60	1	60	0.00471429	0	0.00471429	0.00471429	60	0	60	60	
0.1	0.15	1	3	4	4	2	38	2	38	0.00471429	0	0.00471429	0.00471429	19	0	19	19	
0.1	0.15	1	4	3	4	1	60	1	60	0.00471429	0	0.00471429	0.00471429	60	0	60	60	
0.15	0.2	1	1	1	4	2	136	2	136	0.00471429	0	0.00471429	0.00471429	68	5.65685	64	72	
0.15	0.2	1	3	4	4	1	26	1	26	0.00471429	0	0.00471429	0.00471429	26	0	26	26	
0.15	0.2	1	5	2	4	1	60	1	60	0.00471429	0	0.00471429	0.00471429	60	0	60	60	
3.2	3.25	1	3	4	4	1	56	1	56	0.00471429	0	0.00471429	0.00471429	56	0	56	56	
