% start	end	CellId	IMSI	RNTI	LCID	nTxPDUs	TxBytes	nRxPDUs	RxBytes	delay	stdDev	min	max	PduSize	stdDev	min	max
0.1	0.15	1	1	6	4	1	58	0	0	0	0	0	0	0	0	0	0	
0.1	0.15	1	2	4	4	1	58	0	0	0	0	0	0	0	0	0	0	
0.1	0.15	1	3	2	4	1	58	1	58	0.0129286	0	0.0129286	0.0129286	58	0	58	58	
0.1	0.15	1	4	3	4	1	58	1	58	0.0139286	0	0.0139286	0.0139286	58	0	58	58	
0.1	0.15	1	5	1	4	1	58	0	0	0	0	0	0	0	0	0	0	
0.15	0.2	1	2	4	4	0	0	1	58	0.0649286	0	0.0649286	0.0649286	58	0	58	58	
0.25	0.3	1	1	6	4	0	0	1	58	0.186929	0	0.186929	0.186929	58	0	58	58	
0.9	0.95	1	5	1	4	0	0	1	58	0.823929	0	0.823929	0.823929	58	0	58	58	
