% start	end	CellId	IMSI	RNTI	LCID	nTxPDUs	TxBytes	nRxPDUs	RxBytes	delay	stdDev	min	max	PduSize	stdDev	min	max
0.1	0.15	1	1	1	4	1	58	0	0	0	0	0	0	0	0	0	0	
0.1	0.15	1	2	2	4	1	58	1	58	0.0249286	0	0.0249286	0.0249286	58	0	58	58	
3.1	3.15	1	1	1	4	1	58	0	0	0	0	0	0	0	0	0	0	
3.15	3.2	1	1	1	4	1	58	0	0	0	0	0	0	0	0	0	0	
3.65	3.7	1	1	1	4	0	0	3	174	1.5596	1.7535	0.510929	3.58393	58	0	58	58	
9.1	9.15	1	1	1	4	1	58	0	0	0	0	0	0	0	0	0	0	
9.7	9.75	1	1	1	4	0	0	1	58	0.623929	0	0.623929	0.623929	58	0	58	58	
