% start	end	CellId	IMSI	RNTI	LCID	nTxPDUs	TxBytes	nRxPDUs	RxBytes	delay	stdDev	min	max	PduSize	stdDev	min	max
0.1	0.15	1	1	3	4	1	58	1	58	0.0119286	0	0.0119286	0.0119286	58	0	58	58	
0.1	0.15	1	2	6	4	1	58	1	58	0.0119286	0	0.0119286	0.0119286	58	0	58	58	
0.1	0.15	1	3	1	4	1	58	1	58	0.0119286	0	0.0119286	0.0119286	58	0	58	58	
0.1	0.15	1	4	2	4	1	58	1	58	0.0119286	0	0.0119286	0.0119286	58	0	58	58	
0.1	0.15	1	5	4	4	1	58	1	58	0.0119286	0	0.0119286	0.0119286	58	0	58	58	
7.1	7.15	1	5	4	4	1	54	0	0	0	0	0	0	0	0	0	0	
7.15	7.2	1	5	4	4	0	0	1	54	0.0349286	0	0.0349286	0.0349286	54	0	54	54	
