% start	end	CellId	IMSI	RNTI	LCID	nTxPDUs	TxBytes	nRxPDUs	RxBytes	delay	stdDev	min	max	PduSize	stdDev	min	max
0.1	0.15	1	1	4	4	1	58	1	58	0.0119286	0	0.0119286	0.0119286	58	0	58	58	
0.1	0.15	1	2	2	4	1	58	1	58	0.0149286	0	0.0149286	0.0149286	58	0	58	58	
0.1	0.15	1	3	6	4	1	58	1	58	0.0129286	0	0.0129286	0.0129286	58	0	58	58	
0.1	0.15	1	4	3	4	1	58	1	58	0.0119286	0	0.0119286	0.0119286	58	0	58	58	
0.1	0.15	1	5	1	4	1	58	0	0	0	0	0	0	0	0	0	0	
3.1	3.15	1	5	1	4	1	58	0	0	0	0	0	0	0	0	0	0	
3.15	3.2	1	5	1	4	1	58	0	0	0	0	0	0	0	0	0	0	
3.3	3.35	1	5	1	4	0	0	3	174	1.20393	1.74963	0.163929	3.22393	58	0	58	58	
