% start	end	CellId	IMSI	RNTI	LCID	nTxPDUs	TxBytes	nRxPDUs	RxBytes	delay	stdDev	min	max	PduSize	stdDev	min	max
0.1	0.15	1	1	1	4	1	58	1	58	0.0119286	0	0.0119286	0.0119286	58	0	58	58	
3.1	3.15	1	1	1	4	1	54	0	0	0	0	0	0	0	0	0	0	
3.3	3.35	1	1	1	4	0	0	1	54	0.198929	0	0.198929	0.198929	54	0	54	54	
4.5	4.55	1	1	1	4	1	54	0	0	0	0	0	0	0	0	0	0	
4.55	4.6	1	1	1	4	0	0	1	54	0.0119286	0	0.0119286	0.0119286	54	0	54	54	
