% start	end	CellId	IMSI	RNTI	LCID	nTxPDUs	TxBytes	nRxPDUs	RxBytes	delay	stdDev	min	max	PduSize	stdDev	min	max
0.1	0.15	1	1	1	4	1	58	0	0	0	0	0	0	0	0	0	0	
3.1	3.15	1	1	1	4	1	58	0	0	0	0	0	0	0	0	0	0	
3.15	3.2	1	1	1	4	1	58	0	0	0	0	0	0	0	0	0	0	
3.55	3.6	1	1	1	4	0	0	3	174	1.43493	1.7577	0.376929	3.46393	58	0	58	58	
