% start	end	CellId	IMSI	RNTI	LCID	nTxPDUs	TxBytes	nRxPDUs	RxBytes	delay	stdDev	min	max	PduSize	stdDev	min	max
0.1	0.15	1	1	2	4	3	118	3	118	0.00471429	0	0.00471429	0.00471429	39.3333	17.5594	21	56	
0.1	0.15	1	2	1	4	2	62	2	62	0.00471429	0	0.00471429	0.00471429	31	14.1421	21	41	
