% start	end	CellId	IMSI	RNTI	LCID	nTxPDUs	TxBytes	nRxPDUs	RxBytes	delay	stdDev	min	max	PduSize	stdDev	min	max
0.1	0.15	1	1	1	4	1	58	0	0	0	0	0	0	0	0	0	0	
0.1	0.15	1	2	3	4	1	58	0	0	0	0	0	0	0	0	0	0	
0.1	0.15	1	5	6	4	1	58	1	58	0.0289286	0	0.0289286	0.0289286	58	0	58	58	
0.2	0.25	1	3	2	4	1	58	0	0	0	0	0	0	0	0	0	0	
0.25	0.3	1	4	4	4	1	58	0	0	0	0	0	0	0	0	0	0	
0.3	0.35	1	1	1	4	0	0	1	58	0.223929	0	0.223929	0.223929	58	0	58	58	
0.4	0.45	1	2	3	4	0	0	1	58	0.304929	0	0.304929	0.304929	58	0	58	58	
0.4	0.45	1	3	2	4	0	0	1	58	0.211929	0	0.211929	0.211929	58	0	58	58	
0.45	0.5	1	4	4	4	0	0	1	58	0.232929	0	0.232929	0.232929	58	0	58	58	
