% start	end	CellId	IMSI	RNTI	LCID	nTxPDUs	TxBytes	nRxPDUs	RxBytes	delay	stdDev	min	max	PduSize	stdDev	min	max
0.1	0.15	1	5	6	4	1	60	1	60	0.00471429	0	0.00471429	0.00471429	60	0	60	60	
0.2	0.25	1	2	3	4	2	52	2	52	0.00471429	0	0.00471429	0.00471429	26	0	26	26	
0.3	0.35	1	1	1	4	2	62	2	62	0.00471429	0	0.00471429	0.00471429	31	1.41421	30	32	
0.4	0.45	1	2	3	4	1	12	1	12	0.00471429	0	0.00471429	0.00471429	12	0	12	12	
0.4	0.45	1	3	2	4	2	62	2	62	0.00471429	0	0.00471429	0.00471429	31	14.1421	21	41	
0.45	0.5	1	4	4	4	1	60	1	60	0.00471429	0	0.00471429	0.00471429	60	0	60	60	
