% start	end	CellId	IMSI	RNTI	LCID	nTxPDUs	TxBytes	nRxPDUs	RxBytes	delay	stdDev	min	max	PduSize	stdDev	min	max
0.1	0.15	1	1	1	4	4	66	4	66	0.00471429	0	0.00471429	0.00471429	16.5	3	13	19	
0.1	0.15	1	4	2	4	2	62	2	62	0.00471429	0	0.00471429	0.00471429	31	1.41421	30	32	
0.35	0.4	1	2	6	4	2	62	2	62	0.00471429	0	0.00471429	0.00471429	31	14.1421	21	41	
0.4	0.45	1	5	3	4	2	62	2	62	0.00471429	0	0.00471429	0.00471429	31	14.1421	21	41	
6	6.05	1	3	4	4	3	184	3	184	0.00471429	0	0.00471429	0.00471429	61.3333	40.9919	14	85	
