% start	end	CellId	IMSI	RNTI	LCID	nTxPDUs	TxBytes	nRxPDUs	RxBytes	delay	stdDev	min	max	PduSize	stdDev	min	max
0.1	0.15	1	1	1	4	1	58	1	58	0.0119286	0	0.0119286	0.0119286	58	0	58	58	
0.1	0.15	1	2	2	4	1	58	1	58	0.0119286	0	0.0119286	0.0119286	58	0	58	58	
1.1	1.15	1	1	1	4	2	108	2	108	0.0119286	0	0.0119286	0.0119286	54	0	54	54	
1.1	1.15	1	2	2	4	2	108	1	54	0.0119286	0	0.0119286	0.0119286	54	0	54	54	
1.15	1.2	1	2	2	4	0	0	1	54	0.0119286	0	0.0119286	0.0119286	54	0	54	54	
4.35	4.4	1	1	1	4	1	54	1	54	0.0119286	0	0.0119286	0.0119286	54	0	54	54	
7.55	7.6	1	1	1	4	1	54	1	54	0.0119286	0	0.0119286	0.0119286	54	0	54	54	
7.8	7.85	1	1	1	4	1	54	1	54	0.0119286	0	0.0119286	0.0119286	54	0	54	54	
8.35	8.4	1	2	2	4	1	54	1	54	0.0119286	0	0.0119286	0.0119286	54	0	54	54	
