% start	end	CellId	IMSI	RNTI	LCID	nTxPDUs	TxBytes	nRxPDUs	RxBytes	delay	stdDev	min	max	PduSize	stdDev	min	max
0.1	0.15	1	1	1	4	3	166	3	166	0.0105952	0.0023094	0.00792857	0.0119286	55.3333	2.3094	54	58	
3.3	3.35	1	1	1	4	1	54	0	0	0	0	0	0	0	0	0	0	
3.35	3.4	1	1	1	4	0	0	1	54	0.0119286	0	0.0119286	0.0119286	54	0	54	54	
6.55	6.6	1	1	1	4	1	54	1	54	0.0119286	0	0.0119286	0.0119286	54	0	54	54	
6.75	6.8	1	1	1	4	1	54	1	54	0.0119286	0	0.0119286	0.0119286	54	0	54	54	
8	8.05	1	1	1	4	1	54	1	54	0.0119286	0	0.0119286	0.0119286	54	0	54	54	
