% start	end	CellId	IMSI	RNTI	LCID	nTxPDUs	TxBytes	nRxPDUs	RxBytes	delay	stdDev	min	max	PduSize	stdDev	min	max
0.1	0.15	1	1	3	4	1	58	1	58	0.0139286	0	0.0139286	0.0139286	58	0	58	58	
0.1	0.15	1	2	2	4	1	58	1	58	0.0119286	0	0.0119286	0.0119286	58	0	58	58	
0.1	0.15	1	3	4	4	1	58	1	58	0.0159286	0	0.0159286	0.0159286	58	0	58	58	
0.1	0.15	1	4	6	4	1	58	0	0	0	0	0	0	0	0	0	0	
0.1	0.15	1	5	1	4	1	58	1	58	0.0239286	0	0.0239286	0.0239286	58	0	58	58	
1.55	1.6	1	4	6	4	0	0	1	58	1.46893	0	1.46893	1.46893	58	0	58	58	
