% start	end	CellId	IMSI	RNTI	LCID	nTxPDUs	TxBytes	nRxPDUs	RxBytes	delay	stdDev	min	max	PduSize	stdDev	min	max
0.1	0.15	1	1	2	4	1	58	0	0	0	0	0	0	0	0	0	0	
0.1	0.15	1	2	1	4	1	58	1	58	0.0119286	0	0.0119286	0.0119286	58	0	58	58	
0.15	0.2	1	1	2	4	0	0	1	58	0.0649286	0	0.0649286	0.0649286	58	0	58	58	
1.15	1.2	1	1	2	4	1	54	1	54	0.0119286	0	0.0119286	0.0119286	54	0	54	54	
4.4	4.45	1	1	2	4	1	54	0	0	0	0	0	0	0	0	0	0	
4.5	4.55	1	1	2	4	0	0	1	54	0.126929	0	0.126929	0.126929	54	0	54	54	
