% start	end	CellId	IMSI	RNTI	LCID	nTxPDUs	TxBytes	nRxPDUs	RxBytes	delay	stdDev	min	max	PduSize	stdDev	min	max
0.1	0.15	1	1	1	4	1	58	0	0	0	0	0	0	0	0	0	0	
0.1	0.15	1	2	6	4	1	58	1	58	0.0119286	0	0.0119286	0.0119286	58	0	58	58	
0.1	0.15	1	3	4	4	1	58	0	0	0	0	0	0	0	0	0	0	
0.1	0.15	1	4	2	4	1	58	0	0	0	0	0	0	0	0	0	0	
0.1	0.15	1	5	3	4	1	58	1	58	0.0119286	0	0.0119286	0.0119286	58	0	58	58	
0.15	0.2	1	4	2	4	0	0	1	58	0.0659286	0	0.0659286	0.0659286	58	0	58	58	
0.3	0.35	1	1	1	4	0	0	1	58	0.223929	0	0.223929	0.223929	58	0	58	58	
1.65	1.7	1	3	4	4	0	0	1	58	1.54593	0	1.54593	1.54593	58	0	58	58	
