% start	end	CellId	IMSI	RNTI	LCID	nTxPDUs	TxBytes	nRxPDUs	RxBytes	delay	stdDev	min	max	PduSize	stdDev	min	max
0.1	0.15	1	1	2	4	1	58	0	0	0	0	0	0	0	0	0	0	
0.1	0.15	1	2	1	4	1	58	0	0	0	0	0	0	0	0	0	0	
0.2	0.25	1	2	1	4	0	0	1	58	0.102929	0	0.102929	0.102929	58	0	58	58	
0.55	0.6	1	1	2	4	0	0	1	58	0.464929	0	0.464929	0.464929	58	0	58	58	
