% start	end	CellId	IMSI	RNTI	LCID	nTxPDUs	TxBytes	nRxPDUs	RxBytes	delay	stdDev	min	max	PduSize	stdDev	min	max
0.1	0.15	1	1	1	4	1	58	0	0	0	0	0	0	0	0	0	0	
0.1	0.15	1	2	2	4	1	58	1	58	0.0119286	0	0.0119286	0.0119286	58	0	58	58	
0.95	1	1	1	1	4	0	0	1	58	0.863929	0	0.863929	0.863929	58	0	58	58	
8.8	8.85	1	1	1	4	1	54	0	0	0	0	0	0	0	0	0	0	
8.85	8.9	1	1	1	4	0	0	1	54	0.0609286	0	0.0609286	0.0609286	54	0	54	54	
